"数据库名","表名","字段名","数据类型","是否可为空","默认值","字段说明"
"ods","bgz","年份","varchar(255)","YES",,""
"ods","bgz","数值类型","varchar(255)","YES",,""
"ods","bgz","行业标杆值","float","YES",,""
"ods","bgz","行业平均值","float","YES",,""
"ods","ods_cwkb","年月","varchar(255)","YES",,""
"ods","ods_cwkb","公司编码","varchar(255)","YES",,""
"ods","ods_cwkb","公司","varchar(255)","YES",,""
"ods","ods_cwkb","货币资金","float","YES",,""
"ods","ods_cwkb","应收账款","float","YES",,""
"ods","ods_cwkb","合同资产","float","YES",,""
"ods","ods_cwkb","流动资产","float","YES",,""
"ods","ods_cwkb","总资产","float","YES",,""
"ods","ods_cwkb","流动负债","float","YES",,""
"ods","ods_cwkb","总负债","float","YES",,""
"ods","ods_cwkb","归属于母公司所有者权益","float","YES",,""
"ods","ods_cwkb","所有者权益","float","YES",,""
"ods","ods_cwkb","存货","float","YES",,""
"ods","ods_cwkb","应付账款","float","YES",,""
"ods","ods_cwkb","带息负债","float","YES",,""
"ods","ods_cwkb","营业收入","float","YES",,""
"ods","ods_cwkb","营业成本","float","YES",,""
"ods","ods_cwkb","销售费用","float","YES",,""
"ods","ods_cwkb","管理费用","float","YES",,""
"ods","ods_cwkb","研发费用","float","YES",,""
"ods","ods_cwkb","财务费用","float","YES",,""
"ods","ods_cwkb","税金及附加","float","YES",,""
"ods","ods_cwkb","净利润","float","YES",,""
"ods","ods_cwkb","归母净利润","float","YES",,""
"ods","ods_cwkb","利润总额","float","YES",,""
"ods","ods_cwkb","利息支出","float","YES",,""
"ods","ods_cwkb","营业利润","float","YES",,""
"ods","ods_cwkb","经营活动产生的现金流量净额","float","YES",,""
"ods","ods_cwkb","时间戳","timestamp","YES","CURRENT_TIMESTAMP",""
"ods","ods_fyyszb","年月","varchar(255)","YES",,""
"ods","ods_fyyszb","公司","varchar(255)","YES",,""
"ods","ods_fyyszb","费用类型","varchar(255)","YES",,""
"ods","ods_fyyszb","预算数值","float","YES",,""
"ods","ods_fyyszb","时间戳","timestamp","YES","CURRENT_TIMESTAMP",""
"ods","ods_ldzczlb","年月","varchar(255)","YES",,""
"ods","ods_ldzczlb","公司","varchar(255)","YES",,""
"ods","ods_ldzczlb","流动资产类型","float","YES",,""
"ods","ods_ldzczlb","账龄","float","YES",,""
"ods","ods_ldzczlb","数值","float","YES",,""
"ods","ods_ldzczlb","时间戳","timestamp","YES","CURRENT_TIMESTAMP",""
"ods","ods_lrb","年月","varchar(255)","YES",,""
"ods","ods_lrb","公司","varchar(255)","YES",,""
"ods","ods_lrb","营业收入","float","YES",,""
"ods","ods_lrb","营业成本","float","YES",,""
"ods","ods_lrb","销售费用","float","YES",,""
"ods","ods_lrb","管理费用","float","YES",,""
"ods","ods_lrb","研发费用","float","YES",,""
"ods","ods_lrb","财务费用","float","YES",,""
"ods","ods_lrb","净利润","float","YES",,""
"ods","ods_lrb","归母净利润","float","YES",,""
"ods","ods_lrb","所得税费用","float","YES",,""
"ods","ods_lrb","利润总额","float","YES",,""
"ods","ods_lrb","利息支出","float","YES",,""
"ods","ods_lrb","营业总成本","float","YES",,""
"ods","ods_lrb","营业利润","float","YES",,""
"ods","ods_lrb","时间戳","timestamp","YES","CURRENT_TIMESTAMP",""
"ods","ods_xjllb","年月","varchar(255)","YES",,""
"ods","ods_xjllb","公司","varchar(255)","YES",,""
"ods","ods_xjllb","经营活动产生的现金流量净额","float","YES",,""
"ods","ods_xjllb","投资活动产生的现金流量净额","float","YES",,""
"ods","ods_xjllb","筹资活动产生的现金流量净额","float","YES",,""
"ods","ods_xjllb","时间戳","timestamp","YES","CURRENT_TIMESTAMP",""
"ods","ods_ywdy","公司编码","varchar(255)","YES",,""
"ods","ods_ywdy","公司名称","varchar(255)","YES",,""
"ods","ods_ywdy","上级公司","varchar(255)","YES",,""
"ods","ods_ywdy","所属公司","varchar(255)","YES",,""
"ods","ods_ywdy","业务板块","varchar(255)","YES",,""
"ods","ods_ywdy","时间戳","timestamp","YES","CURRENT_TIMESTAMP",""
"ods","ods_zcfzb","年月","varchar(255)","YES",,""
"ods","ods_zcfzb","公司","varchar(255)","YES",,""
"ods","ods_zcfzb","货币资金","float","YES",,""
"ods","ods_zcfzb","应收账款","float","YES",,""
"ods","ods_zcfzb","预付款项","float","YES",,""
"ods","ods_zcfzb","合同资产","float","YES",,""
"ods","ods_zcfzb","流动资产","float","YES",,""
"ods","ods_zcfzb","非流动资产","float","YES",,""
"ods","ods_zcfzb","总资产","float","YES",,""
"ods","ods_zcfzb","合同负债","float","YES",,""
"ods","ods_zcfzb","流动负债","float","YES",,""
"ods","ods_zcfzb","非流动负债","float","YES",,""
"ods","ods_zcfzb","总负债","float","YES",,""
"ods","ods_zcfzb","归属于母公司所有者权益","float","YES",,""
"ods","ods_zcfzb","所有者权益","float","YES",,""
"ods","ods_zcfzb","存货","float","YES",,""
"ods","ods_zcfzb","固定资产","float","YES",,""
"ods","ods_zcfzb","无形资产","float","YES",,""
"ods","ods_zcfzb","使用权资产","float","YES",,""
"ods","ods_zcfzb","短期借款","float","YES",,""
"ods","ods_zcfzb","应付债券","float","YES",,""
"ods","ods_zcfzb","一年内到期的长期负债","float","YES",,""
"ods","ods_zcfzb","长期借款","float","YES",,""
"ods","ods_zcfzb","时间戳","timestamp","YES","CURRENT_TIMESTAMP",""
"ods","ods_zjzb","公司","varchar(255)","YES",,""
"ods","ods_zjzb","经营活动产生的现金流入","float","YES",,""
"ods","ods_zjzb","投资活动产生的现金流入","float","YES",,""
"ods","ods_zjzb","筹资活动产生的现金流入","float","YES",,""
"ods","ods_zjzb","本期流入","float","YES",,""
"ods","ods_zjzb","经营活动产生的现金流出","float","YES",,""
"ods","ods_zjzb","投资活动产生的现金流出","float","YES",,""
"ods","ods_zjzb","筹资活动产生的现金流出","float","YES",,""
"ods","ods_zjzb","本期流出","float","YES",,""
"ods","ods_zjzb","货币资金余额","float","YES",,""
"ods","ods_zjzb","冻结款","float","YES",,""
"ods","ods_zjzb","可用余额","float","YES",,""
"ods","t_ncc_listed_ap_paybill","ACCESSORYNUM","decimal(38,0)","YES",,""
"ods","t_ncc_listed_ap_paybill","APPROVEDATE","varchar(19)","YES",,""
"ods","t_ncc_listed_ap_paybill","APPROVER","varchar(20)","YES",,""
"ods","t_ncc_listed_ap_paybill","APPROVESTATUS","decimal(38,0)","YES",,""
"ods","t_ncc_listed_ap_paybill","BILLCLASS","varchar(2)","YES",,""
"ods","t_ncc_listed_ap_paybill","BILLDATE","varchar(19)","YES",,""
"ods","t_ncc_listed_ap_paybill","BILLMAKER","varchar(20)","YES",,""
"ods","t_ncc_listed_ap_paybill","BILLNO","varchar(50)","YES",,""
"ods","t_ncc_listed_ap_paybill","BILLPERIOD","varchar(2)","YES",,""
"ods","t_ncc_listed_ap_paybill","BILLSTATUS","decimal(38,0)","YES",,""
"ods","t_ncc_listed_ap_paybill","BILLYEAR","varchar(4)","YES",,""
"ods","t_ncc_listed_ap_paybill","COMMPAYBEGINDATE","varchar(19)","YES",,""
"ods","t_ncc_listed_ap_paybill","COMMPAYENDDATE","varchar(19)","YES",,""
"ods","t_ncc_listed_ap_paybill","CONFIRMUSER","varchar(20)","YES",,""
"ods","t_ncc_listed_ap_paybill","CONSIGNAGREEMENT","varchar(20)","YES",,""
"ods","t_ncc_listed_ap_paybill","COORDFLAG","decimal(38,0)","YES",,""
"ods","t_ncc_listed_ap_paybill","CREATIONTIME","varchar(19)","YES",,""
"ods","t_ncc_listed_ap_paybill","CREATOR","varchar(20)","YES",,""
"ods","t_ncc_listed_ap_paybill","CREDITORREFERENCE","varchar(50)","YES",,""
"ods","t_ncc_listed_ap_paybill","CREDITREFSTD","varchar(20)","YES",,""
"ods","t_ncc_listed_ap_paybill","CUSTDELEGATE","varchar(20)","YES",,""
"ods","t_ncc_listed_ap_paybill","DEF1","varchar(101)","YES",,""
"ods","t_ncc_listed_ap_paybill","DEF10","varchar(101)","YES",,""
"ods","t_ncc_listed_ap_paybill","DEF11","varchar(101)","YES",,""
"ods","t_ncc_listed_ap_paybill","DEF12","varchar(101)","YES",,""
"ods","t_ncc_listed_ap_paybill","DEF13","varchar(101)","YES",,""
"ods","t_ncc_listed_ap_paybill","DEF14","varchar(101)","YES",,""
"ods","t_ncc_listed_ap_paybill","DEF15","varchar(101)","YES",,""
"ods","t_ncc_listed_ap_paybill","DEF16","varchar(101)","YES",,""
"ods","t_ncc_listed_ap_paybill","DEF17","varchar(101)","YES",,""
"ods","t_ncc_listed_ap_paybill","DEF18","varchar(101)","YES",,""
"ods","t_ncc_listed_ap_paybill","DEF19","varchar(101)","YES",,""
"ods","t_ncc_listed_ap_paybill","DEF2","varchar(101)","YES",,""
"ods","t_ncc_listed_ap_paybill","DEF20","varchar(101)","YES",,""
"ods","t_ncc_listed_ap_paybill","DEF21","varchar(101)","YES",,""
"ods","t_ncc_listed_ap_paybill","DEF22","varchar(101)","YES",,""
"ods","t_ncc_listed_ap_paybill","DEF23","varchar(101)","YES",,""
"ods","t_ncc_listed_ap_paybill","DEF24","varchar(101)","YES",,""
"ods","t_ncc_listed_ap_paybill","DEF25","varchar(101)","YES",,""
"ods","t_ncc_listed_ap_paybill","DEF26","varchar(101)","YES",,""
"ods","t_ncc_listed_ap_paybill","DEF27","varchar(101)","YES",,""
"ods","t_ncc_listed_ap_paybill","DEF28","varchar(101)","YES",,""
"ods","t_ncc_listed_ap_paybill","DEF29","varchar(101)","YES",,""
"ods","t_ncc_listed_ap_paybill","DEF3","varchar(101)","YES",,""
"ods","t_ncc_listed_ap_paybill","DEF30","varchar(101)","YES",,""
"ods","t_ncc_listed_ap_paybill","DEF31","varchar(101)","YES",,""
"ods","t_ncc_listed_ap_paybill","DEF32","varchar(101)","YES",,""
"ods","t_ncc_listed_ap_paybill","DEF33","varchar(101)","YES",,""
"ods","t_ncc_listed_ap_paybill","DEF34","varchar(101)","YES",,""
"ods","t_ncc_listed_ap_paybill","DEF35","varchar(101)","YES",,""
"ods","t_ncc_listed_ap_paybill","DEF36","varchar(101)","YES",,""
"ods","t_ncc_listed_ap_paybill","DEF37","varchar(101)","YES",,""
"ods","t_ncc_listed_ap_paybill","DEF38","varchar(101)","YES",,""
"ods","t_ncc_listed_ap_paybill","DEF39","varchar(101)","YES",,""
"ods","t_ncc_listed_ap_paybill","DEF4","varchar(101)","YES",,""
"ods","t_ncc_listed_ap_paybill","DEF40","varchar(101)","YES",,""
"ods","t_ncc_listed_ap_paybill","DEF41","varchar(101)","YES",,""
"ods","t_ncc_listed_ap_paybill","DEF42","varchar(101)","YES",,""
"ods","t_ncc_listed_ap_paybill","DEF43","varchar(101)","YES",,""
"ods","t_ncc_listed_ap_paybill","DEF44","varchar(101)","YES",,""
"ods","t_ncc_listed_ap_paybill","DEF45","varchar(101)","YES",,""
"ods","t_ncc_listed_ap_paybill","DEF46","varchar(101)","YES",,""
"ods","t_ncc_listed_ap_paybill","DEF47","varchar(101)","YES",,""
"ods","t_ncc_listed_ap_paybill","DEF48","varchar(101)","YES",,""
"ods","t_ncc_listed_ap_paybill","DEF49","varchar(101)","YES",,""
"ods","t_ncc_listed_ap_paybill","DEF5","varchar(101)","YES",,""
"ods","t_ncc_listed_ap_paybill","DEF50","varchar(101)","YES",,""
"ods","t_ncc_listed_ap_paybill","DEF51","varchar(101)","YES",,""
"ods","t_ncc_listed_ap_paybill","DEF52","varchar(101)","YES",,""
"ods","t_ncc_listed_ap_paybill","DEF53","varchar(101)","YES",,""
"ods","t_ncc_listed_ap_paybill","DEF54","varchar(101)","YES",,""
"ods","t_ncc_listed_ap_paybill","DEF55","varchar(101)","YES",,""
"ods","t_ncc_listed_ap_paybill","DEF56","varchar(101)","YES",,""
"ods","t_ncc_listed_ap_paybill","DEF57","varchar(101)","YES",,""
"ods","t_ncc_listed_ap_paybill","DEF58","varchar(101)","YES",,""
"ods","t_ncc_listed_ap_paybill","DEF59","varchar(101)","YES",,""
"ods","t_ncc_listed_ap_paybill","DEF6","varchar(101)","YES",,""
"ods","t_ncc_listed_ap_paybill","DEF60","varchar(101)","YES",,""
"ods","t_ncc_listed_ap_paybill","DEF61","varchar(101)","YES",,""
"ods","t_ncc_listed_ap_paybill","DEF62","varchar(101)","YES",,""
"ods","t_ncc_listed_ap_paybill","DEF63","varchar(101)","YES",,""
"ods","t_ncc_listed_ap_paybill","DEF64","varchar(101)","YES",,""
"ods","t_ncc_listed_ap_paybill","DEF65","varchar(101)","YES",,""
"ods","t_ncc_listed_ap_paybill","DEF66","varchar(101)","YES",,""
"ods","t_ncc_listed_ap_paybill","DEF67","varchar(101)","YES",,""
"ods","t_ncc_listed_ap_paybill","DEF68","varchar(101)","YES",,""
"ods","t_ncc_listed_ap_paybill","DEF69","varchar(101)","YES",,""
"ods","t_ncc_listed_ap_paybill","DEF7","varchar(101)","YES",,""
"ods","t_ncc_listed_ap_paybill","DEF70","varchar(101)","YES",,""
"ods","t_ncc_listed_ap_paybill","DEF71","varchar(101)","YES",,""
"ods","t_ncc_listed_ap_paybill","DEF72","varchar(101)","YES",,""
"ods","t_ncc_listed_ap_paybill","DEF73","varchar(101)","YES",,""
"ods","t_ncc_listed_ap_paybill","DEF74","varchar(101)","YES",,""
"ods","t_ncc_listed_ap_paybill","DEF75","varchar(101)","YES",,""
"ods","t_ncc_listed_ap_paybill","DEF76","varchar(101)","YES",,""
"ods","t_ncc_listed_ap_paybill","DEF77","varchar(101)","YES",,""
"ods","t_ncc_listed_ap_paybill","DEF78","varchar(101)","YES",,""
"ods","t_ncc_listed_ap_paybill","DEF79","varchar(101)","YES",,""
"ods","t_ncc_listed_ap_paybill","DEF8","varchar(101)","YES",,""
"ods","t_ncc_listed_ap_paybill","DEF80","varchar(101)","YES",,""
"ods","t_ncc_listed_ap_paybill","DEF9","varchar(101)","YES",,""
"ods","t_ncc_listed_ap_paybill","DR","bigint(20)","YES",,""
"ods","t_ncc_listed_ap_paybill","EFFECTDATE","varchar(19)","YES",,""
"ods","t_ncc_listed_ap_paybill","EFFECTSTATUS","decimal(38,0)","YES",,""
"ods","t_ncc_listed_ap_paybill","EFFECTUSER","varchar(20)","YES",,""
"ods","t_ncc_listed_ap_paybill","EXPECTDEALDATE","varchar(19)","YES",,""
"ods","t_ncc_listed_ap_paybill","FAILUREREASON","varchar(181)","YES",,""
"ods","t_ncc_listed_ap_paybill","GLOBALLOCAL","decimal(28,8)","YES",,""
"ods","t_ncc_listed_ap_paybill","GROUPLOCAL","decimal(28,8)","YES",,""
"ods","t_ncc_listed_ap_paybill","INVOICENO","varchar(140)","YES",,""
"ods","t_ncc_listed_ap_paybill","ISFLOWBILL","char(1)","YES",,""
"ods","t_ncc_listed_ap_paybill","ISFORCE","char(1)","YES",,""
"ods","t_ncc_listed_ap_paybill","ISFROMINDEPENDENT","char(1)","YES",,""
"ods","t_ncc_listed_ap_paybill","ISINIT","char(1)","YES",,""
"ods","t_ncc_listed_ap_paybill","ISMANDATEPAY","char(1)","YES",,""
"ods","t_ncc_listed_ap_paybill","ISNETPAYREADY","char(1)","YES",,""
"ods","t_ncc_listed_ap_paybill","ISONLINEPAY","char(1)","YES",,""
"ods","t_ncc_listed_ap_paybill","ISREDED","char(1)","YES",,""
"ods","t_ncc_listed_ap_paybill","ISREFUND","char(1)","YES",,""
"ods","t_ncc_listed_ap_paybill","ISURGENT","char(1)","YES",,""
"ods","t_ncc_listed_ap_paybill","LASTADJUSTUSER","varchar(20)","YES",,""
"ods","t_ncc_listed_ap_paybill","LASTAPPROVEID","varchar(20)","YES",,""
"ods","t_ncc_listed_ap_paybill","LOCAL_MONEY","decimal(28,8)","YES",,""
"ods","t_ncc_listed_ap_paybill","MODIFIEDTIME","varchar(19)","YES",,""
"ods","t_ncc_listed_ap_paybill","MODIFIER","varchar(20)","YES",,""
"ods","t_ncc_listed_ap_paybill","MONEY","decimal(28,8)","YES",,""
"ods","t_ncc_listed_ap_paybill","OFFICIALPRINTDATE","varchar(19)","YES",,""
"ods","t_ncc_listed_ap_paybill","OFFICIALPRINTUSER","varchar(20)","YES",,""
"ods","t_ncc_listed_ap_paybill","OUTBUSITYPE","varchar(20)","YES",,""
"ods","t_ncc_listed_ap_paybill","PAYDATE","varchar(19)","YES",,""
"ods","t_ncc_listed_ap_paybill","PAYMAN","varchar(20)","YES",,""
"ods","t_ncc_listed_ap_paybill","PK_BILLTYPE","varchar(20)","YES",,""
"ods","t_ncc_listed_ap_paybill","PK_BUSITYPE","varchar(20)","YES",,""
"ods","t_ncc_listed_ap_paybill","PK_CORP","varchar(20)","YES",,""
"ods","t_ncc_listed_ap_paybill","PK_CURRTYPE","varchar(20)","YES",,""
"ods","t_ncc_listed_ap_paybill","PK_FIORG","varchar(20)","YES",,""
"ods","t_ncc_listed_ap_paybill","PK_FIORG_V","varchar(20)","YES",,""
"ods","t_ncc_listed_ap_paybill","PK_GROUP","varchar(20)","YES",,""
"ods","t_ncc_listed_ap_paybill","PK_ORG","varchar(20)","YES",,""
"ods","t_ncc_listed_ap_paybill","PK_ORG_V","varchar(20)","YES",,""
"ods","t_ncc_listed_ap_paybill","PK_PAYBILL","varchar(20)","YES",,""
"ods","t_ncc_listed_ap_paybill","PK_PCORG","varchar(20)","YES",,""
"ods","t_ncc_listed_ap_paybill","PK_PCORG_V","varchar(20)","YES",,""
"ods","t_ncc_listed_ap_paybill","PK_TRADETYPE","varchar(20)","YES",,""
"ods","t_ncc_listed_ap_paybill","PK_TRADETYPEID","varchar(20)","YES",,""
"ods","t_ncc_listed_ap_paybill","RECECOUNTRYID","varchar(20)","YES",,""
"ods","t_ncc_listed_ap_paybill","REVERSALREASON","varchar(181)","YES",,""
"ods","t_ncc_listed_ap_paybill","SCOMMENT","text","YES",,""
"ods","t_ncc_listed_ap_paybill","SDDREVERSALFLAG","char(1)","YES",,""
"ods","t_ncc_listed_ap_paybill","SETT_ORG","varchar(20)","YES",,""
"ods","t_ncc_listed_ap_paybill","SETT_ORG_V","varchar(20)","YES",,""
"ods","t_ncc_listed_ap_paybill","SETTLEFLAG","decimal(38,0)","YES",,""
"ods","t_ncc_listed_ap_paybill","SETTLENUM","varchar(30)","YES",,""
"ods","t_ncc_listed_ap_paybill","SETTLETYPE","decimal(38,0)","YES",,""
"ods","t_ncc_listed_ap_paybill","SIGNDATE","varchar(19)","YES",,""
"ods","t_ncc_listed_ap_paybill","SIGNPERIOD","varchar(2)","YES",,""
"ods","t_ncc_listed_ap_paybill","SIGNUSER","varchar(20)","YES",,""
"ods","t_ncc_listed_ap_paybill","SIGNYEAR","varchar(4)","YES",,""
"ods","t_ncc_listed_ap_paybill","SRC_SYSCODE","decimal(38,0)","YES",,""
"ods","t_ncc_listed_ap_paybill","SUBJCODE","varchar(20)","YES",,""
"ods","t_ncc_listed_ap_paybill","SYSCODE","decimal(38,0)","YES",,""
"ods","t_ncc_listed_ap_paybill","TAXCOUNTRYID","varchar(20)","YES",,""
"ods","t_ncc_listed_ap_paybill","TS","varchar(19)","YES",,""
"ods","t_ncc_listed_ap_paybill","INSERT_TIME","datetime","YES",,""
"ods","t_ncc_listed_ap_payitem","AGENTRECEIVELOCAL","decimal(28,8)","YES",,""
"ods","t_ncc_listed_ap_payitem","AGENTRECEIVEPRIMAL","decimal(28,8)","YES",,""
"ods","t_ncc_listed_ap_payitem","ASSETPACTNO","varchar(80)","YES",,""
"ods","t_ncc_listed_ap_payitem","BANKRELATED_CODE","varchar(100)","YES",,""
"ods","t_ncc_listed_ap_payitem","BANKROLLPROJET","varchar(20)","YES",,""
"ods","t_ncc_listed_ap_payitem","BILLCLASS","varchar(2)","YES",,""
"ods","t_ncc_listed_ap_payitem","BILLDATE","varchar(19)","YES",,""
"ods","t_ncc_listed_ap_payitem","BILLNO","varchar(50)","YES",,""
"ods","t_ncc_listed_ap_payitem","BUSIDATE","varchar(19)","YES",,""
"ods","t_ncc_listed_ap_payitem","BUYSELLFLAG","decimal(38,0)","YES",,""
"ods","t_ncc_listed_ap_payitem","CASHACCOUNT","varchar(20)","YES",,""
"ods","t_ncc_listed_ap_payitem","CASHITEM","varchar(20)","YES",,""
"ods","t_ncc_listed_ap_payitem","CHECKDIRECTION","varchar(50)","YES",,""
"ods","t_ncc_listed_ap_payitem","CHECKELEMENT","varchar(20)","YES",,""
"ods","t_ncc_listed_ap_payitem","CHECKNO","varchar(20)","YES",,""
"ods","t_ncc_listed_ap_payitem","CHECKTYPE","varchar(20)","YES",,""
"ods","t_ncc_listed_ap_payitem","COMMPAYER","varchar(20)","YES",,""
"ods","t_ncc_listed_ap_payitem","COMMPAYSTATUS","int(11)","YES",,""
"ods","t_ncc_listed_ap_payitem","COMMPAYTYPE","int(11)","YES",,""
"ods","t_ncc_listed_ap_payitem","CONFERNUM","varchar(60)","YES",,""
"ods","t_ncc_listed_ap_payitem","CONTRACTNO","varchar(40)","YES",,""
"ods","t_ncc_listed_ap_payitem","COORDFLAG","decimal(38,0)","YES",,""
"ods","t_ncc_listed_ap_payitem","COSTCENTER","varchar(20)","YES",,""
"ods","t_ncc_listed_ap_payitem","CUSTOMER","varchar(20)","YES",,""
"ods","t_ncc_listed_ap_payitem","DEF1","varchar(101)","YES",,""
"ods","t_ncc_listed_ap_payitem","DEF10","varchar(101)","YES",,""
"ods","t_ncc_listed_ap_payitem","DEF11","text","YES",,""
"ods","t_ncc_listed_ap_payitem","DEF12","varchar(101)","YES",,""
"ods","t_ncc_listed_ap_payitem","DEF13","varchar(101)","YES",,""
"ods","t_ncc_listed_ap_payitem","DEF14","varchar(101)","YES",,""
"ods","t_ncc_listed_ap_payitem","DEF15","varchar(101)","YES",,""
"ods","t_ncc_listed_ap_payitem","DEF16","varchar(101)","YES",,""
"ods","t_ncc_listed_ap_payitem","DEF17","varchar(101)","YES",,""
"ods","t_ncc_listed_ap_payitem","DEF18","varchar(101)","YES",,""
"ods","t_ncc_listed_ap_payitem","DEF19","varchar(101)","YES",,""
"ods","t_ncc_listed_ap_payitem","DEF2","varchar(101)","YES",,""
"ods","t_ncc_listed_ap_payitem","DEF20","varchar(101)","YES",,""
"ods","t_ncc_listed_ap_payitem","DEF21","varchar(101)","YES",,""
"ods","t_ncc_listed_ap_payitem","DEF22","varchar(101)","YES",,""
"ods","t_ncc_listed_ap_payitem","DEF23","varchar(101)","YES",,""
"ods","t_ncc_listed_ap_payitem","DEF24","varchar(101)","YES",,""
"ods","t_ncc_listed_ap_payitem","DEF25","varchar(101)","YES",,""
"ods","t_ncc_listed_ap_payitem","DEF26","varchar(101)","YES",,""
"ods","t_ncc_listed_ap_payitem","DEF27","varchar(101)","YES",,""
"ods","t_ncc_listed_ap_payitem","DEF28","varchar(101)","YES",,""
"ods","t_ncc_listed_ap_payitem","DEF29","varchar(101)","YES",,""
"ods","t_ncc_listed_ap_payitem","DEF3","varchar(101)","YES",,""
"ods","t_ncc_listed_ap_payitem","DEF30","varchar(101)","YES",,""
"ods","t_ncc_listed_ap_payitem","DEF31","varchar(101)","YES",,""
"ods","t_ncc_listed_ap_payitem","DEF32","varchar(101)","YES",,""
"ods","t_ncc_listed_ap_payitem","DEF33","varchar(101)","YES",,""
"ods","t_ncc_listed_ap_payitem","DEF34","varchar(101)","YES",,""
"ods","t_ncc_listed_ap_payitem","DEF35","varchar(101)","YES",,""
"ods","t_ncc_listed_ap_payitem","DEF36","varchar(101)","YES",,""
"ods","t_ncc_listed_ap_payitem","DEF37","varchar(101)","YES",,""
"ods","t_ncc_listed_ap_payitem","DEF38","varchar(101)","YES",,""
"ods","t_ncc_listed_ap_payitem","DEF39","varchar(101)","YES",,""
"ods","t_ncc_listed_ap_payitem","DEF4","varchar(101)","YES",,""
"ods","t_ncc_listed_ap_payitem","DEF40","varchar(101)","YES",,""
"ods","t_ncc_listed_ap_payitem","DEF41","varchar(101)","YES",,""
"ods","t_ncc_listed_ap_payitem","DEF42","varchar(101)","YES",,""
"ods","t_ncc_listed_ap_payitem","DEF43","varchar(101)","YES",,""
"ods","t_ncc_listed_ap_payitem","DEF44","varchar(101)","YES",,""
"ods","t_ncc_listed_ap_payitem","DEF45","varchar(101)","YES",,""
"ods","t_ncc_listed_ap_payitem","DEF46","varchar(101)","YES",,""
"ods","t_ncc_listed_ap_payitem","DEF47","varchar(101)","YES",,""
"ods","t_ncc_listed_ap_payitem","DEF48","varchar(101)","YES",,""
"ods","t_ncc_listed_ap_payitem","DEF49","varchar(101)","YES",,""
"ods","t_ncc_listed_ap_payitem","DEF5","varchar(101)","YES",,""
"ods","t_ncc_listed_ap_payitem","DEF50","varchar(101)","YES",,""
"ods","t_ncc_listed_ap_payitem","DEF51","varchar(101)","YES",,""
"ods","t_ncc_listed_ap_payitem","DEF52","varchar(101)","YES",,""
"ods","t_ncc_listed_ap_payitem","DEF53","varchar(101)","YES",,""
"ods","t_ncc_listed_ap_payitem","DEF54","varchar(101)","YES",,""
"ods","t_ncc_listed_ap_payitem","DEF55","varchar(101)","YES",,""
"ods","t_ncc_listed_ap_payitem","DEF56","varchar(101)","YES",,""
"ods","t_ncc_listed_ap_payitem","DEF57","varchar(101)","YES",,""
"ods","t_ncc_listed_ap_payitem","DEF58","varchar(101)","YES",,""
"ods","t_ncc_listed_ap_payitem","DEF59","varchar(101)","YES",,""
"ods","t_ncc_listed_ap_payitem","DEF6","varchar(101)","YES",,""
"ods","t_ncc_listed_ap_payitem","DEF60","varchar(101)","YES",,""
"ods","t_ncc_listed_ap_payitem","DEF61","varchar(101)","YES",,""
"ods","t_ncc_listed_ap_payitem","DEF62","varchar(101)","YES",,""
"ods","t_ncc_listed_ap_payitem","DEF63","varchar(101)","YES",,""
"ods","t_ncc_listed_ap_payitem","DEF64","varchar(101)","YES",,""
"ods","t_ncc_listed_ap_payitem","DEF65","varchar(101)","YES",,""
"ods","t_ncc_listed_ap_payitem","DEF66","varchar(101)","YES",,""
"ods","t_ncc_listed_ap_payitem","DEF67","varchar(101)","YES",,""
"ods","t_ncc_listed_ap_payitem","DEF68","varchar(101)","YES",,""
"ods","t_ncc_listed_ap_payitem","DEF69","varchar(101)","YES",,""
"ods","t_ncc_listed_ap_payitem","DEF7","varchar(101)","YES",,""
"ods","t_ncc_listed_ap_payitem","DEF70","varchar(101)","YES",,""
"ods","t_ncc_listed_ap_payitem","DEF71","varchar(101)","YES",,""
"ods","t_ncc_listed_ap_payitem","DEF72","varchar(101)","YES",,""
"ods","t_ncc_listed_ap_payitem","DEF73","varchar(101)","YES",,""
"ods","t_ncc_listed_ap_payitem","DEF74","varchar(101)","YES",,""
"ods","t_ncc_listed_ap_payitem","DEF75","varchar(101)","YES",,""
"ods","t_ncc_listed_ap_payitem","DEF76","varchar(101)","YES",,""
"ods","t_ncc_listed_ap_payitem","DEF77","varchar(101)","YES",,""
"ods","t_ncc_listed_ap_payitem","DEF78","varchar(101)","YES",,""
"ods","t_ncc_listed_ap_payitem","DEF79","varchar(101)","YES",,""
"ods","t_ncc_listed_ap_payitem","DEF8","varchar(101)","YES",,""
"ods","t_ncc_listed_ap_payitem","DEF80","varchar(101)","YES",,""
"ods","t_ncc_listed_ap_payitem","DEF9","varchar(101)","YES",,""
"ods","t_ncc_listed_ap_payitem","DIRECTION","decimal(38,0)","YES",,""
"ods","t_ncc_listed_ap_payitem","DR","bigint(20)","YES",,""
"ods","t_ncc_listed_ap_payitem","EQUIPMENTCODE","varchar(100)","YES",,""
"ods","t_ncc_listed_ap_payitem","FACARD","varchar(50)","YES",,""
"ods","t_ncc_listed_ap_payitem","FORCEMONEY","decimal(28,8)","YES",,""
"ods","t_ncc_listed_ap_payitem","FREECUST","varchar(20)","YES",,""
"ods","t_ncc_listed_ap_payitem","GLOBALAGENTRECEIVELOCAL","decimal(28,8)","YES",,""
"ods","t_ncc_listed_ap_payitem","GLOBALBALANCE","decimal(28,8)","YES",,""
"ods","t_ncc_listed_ap_payitem","GLOBALDEBIT","decimal(28,8)","YES",,""
"ods","t_ncc_listed_ap_payitem","GLOBALNOTAX_DE","decimal(28,8)","YES",,""
"ods","t_ncc_listed_ap_payitem","GLOBALRATE","double","YES",,""
"ods","t_ncc_listed_ap_payitem","GLOBALTAX_DE","decimal(28,8)","YES",,""
"ods","t_ncc_listed_ap_payitem","GROUPAGENTRECEIVELOCAL","decimal(28,8)","YES",,""
"ods","t_ncc_listed_ap_payitem","GROUPBALANCE","decimal(28,8)","YES",,""
"ods","t_ncc_listed_ap_payitem","GROUPDEBIT","decimal(28,8)","YES",,""
"ods","t_ncc_listed_ap_payitem","GROUPNOTAX_DE","decimal(28,8)","YES",,""
"ods","t_ncc_listed_ap_payitem","GROUPRATE","double","YES",,""
"ods","t_ncc_listed_ap_payitem","GROUPTAX_DE","decimal(28,8)","YES",,""
"ods","t_ncc_listed_ap_payitem","INNERORDERNO","varchar(40)","YES",,""
"ods","t_ncc_listed_ap_payitem","INVOICENO","varchar(140)","YES",,""
"ods","t_ncc_listed_ap_payitem","ISDISCOUNT","char(1)","YES",,""
"ods","t_ncc_listed_ap_payitem","ISFORCE","char(1)","YES",,""
"ods","t_ncc_listed_ap_payitem","ISREFUSED","char(1)","YES",,""
"ods","t_ncc_listed_ap_payitem","ISURGENT","char(1)","YES",,""
"ods","t_ncc_listed_ap_payitem","LOCAL_MONEY_BAL","decimal(28,8)","YES",,""
"ods","t_ncc_listed_ap_payitem","LOCAL_MONEY_DE","decimal(28,8)","YES",,""
"ods","t_ncc_listed_ap_payitem","LOCAL_NOTAX_DE","decimal(28,8)","YES",,""
"ods","t_ncc_listed_ap_payitem","LOCAL_PRICE","decimal(28,8)","YES",,""
"ods","t_ncc_listed_ap_payitem","LOCAL_TAX_DE","decimal(28,8)","YES",,""
"ods","t_ncc_listed_ap_payitem","LOCAL_TAXPRICE","decimal(28,8)","YES",,""
"ods","t_ncc_listed_ap_payitem","MATERIAL","varchar(20)","YES",,""
"ods","t_ncc_listed_ap_payitem","MATERIAL_SRC","varchar(20)","YES",,""
"ods","t_ncc_listed_ap_payitem","MONEY_BAL","decimal(28,8)","YES",,""
"ods","t_ncc_listed_ap_payitem","MONEY_DE","decimal(28,8)","YES",,""
"ods","t_ncc_listed_ap_payitem","NOSUBTAX","decimal(28,8)","YES",,""
"ods","t_ncc_listed_ap_payitem","NOSUBTAXRATE","decimal(28,8)","YES",,""
"ods","t_ncc_listed_ap_payitem","NOTAX_DE","decimal(28,8)","YES",,""
"ods","t_ncc_listed_ap_payitem","OBJTYPE","decimal(38,0)","YES",,""
"ods","t_ncc_listed_ap_payitem","OCCUPATIONMNY","decimal(28,8)","YES",,""
"ods","t_ncc_listed_ap_payitem","ORDERCUBASDOC","varchar(20)","YES",,""
"ods","t_ncc_listed_ap_payitem","OUTSTORENO","varchar(40)","YES",,""
"ods","t_ncc_listed_ap_payitem","PAUSETRANSACT","char(1)","YES",,""
"ods","t_ncc_listed_ap_payitem","PAYACCOUNT","varchar(20)","YES",,""
"ods","t_ncc_listed_ap_payitem","PAYDATE","varchar(19)","YES",,""
"ods","t_ncc_listed_ap_payitem","PAYFLAG","decimal(38,0)","YES",,""
"ods","t_ncc_listed_ap_payitem","PAYMAN","varchar(20)","YES",,""
"ods","t_ncc_listed_ap_payitem","PAYREASON","varchar(181)","YES",,""
"ods","t_ncc_listed_ap_payitem","PK_BALATYPE","varchar(20)","YES",,""
"ods","t_ncc_listed_ap_payitem","PK_BILLTYPE","varchar(20)","YES",,""
"ods","t_ncc_listed_ap_payitem","PK_CURRTYPE","varchar(20)","YES",,""
"ods","t_ncc_listed_ap_payitem","PK_DEPTID","varchar(20)","YES",,""
"ods","t_ncc_listed_ap_payitem","PK_DEPTID_V","varchar(20)","YES",,""
"ods","t_ncc_listed_ap_payitem","PK_FIORG","varchar(20)","YES",,""
"ods","t_ncc_listed_ap_payitem","PK_FIORG_V","varchar(20)","YES",,""
"ods","t_ncc_listed_ap_payitem","PK_GROUP","varchar(20)","YES",,""
"ods","t_ncc_listed_ap_payitem","PK_JOB","varchar(20)","YES",,""
"ods","t_ncc_listed_ap_payitem","PK_JOBPHASE","varchar(20)","YES",,""
"ods","t_ncc_listed_ap_payitem","PK_ORG","varchar(20)","YES",,""
"ods","t_ncc_listed_ap_payitem","PK_ORG_V","varchar(20)","YES",,""
"ods","t_ncc_listed_ap_payitem","PK_PAYBILL","varchar(20)","YES",,""
"ods","t_ncc_listed_ap_payitem","PK_PAYITEM","varchar(20)","YES",,""
"ods","t_ncc_listed_ap_payitem","PK_PAYTERM","varchar(20)","YES",,""
"ods","t_ncc_listed_ap_payitem","PK_PCORG","varchar(20)","YES",,""
"ods","t_ncc_listed_ap_payitem","PK_PCORG_V","varchar(20)","YES",,""
"ods","t_ncc_listed_ap_payitem","PK_PSNDOC","varchar(20)","YES",,""
"ods","t_ncc_listed_ap_payitem","PK_RECPAYTYPE","varchar(20)","YES",,""
"ods","t_ncc_listed_ap_payitem","PK_SSITEM","varchar(20)","YES",,""
"ods","t_ncc_listed_ap_payitem","PK_SUBJCODE","varchar(20)","YES",,""
"ods","t_ncc_listed_ap_payitem","PK_TRADETYPE","varchar(20)","YES",,""
"ods","t_ncc_listed_ap_payitem","PK_TRADETYPEID","varchar(20)","YES",,""
"ods","t_ncc_listed_ap_payitem","POSTPRICE","decimal(28,8)","YES",,""
"ods","t_ncc_listed_ap_payitem","POSTPRICENOTAX","decimal(28,8)","YES",,""
"ods","t_ncc_listed_ap_payitem","POSTQUANTITY","decimal(20,8)","YES",,""
"ods","t_ncc_listed_ap_payitem","POSTUNIT","varchar(40)","YES",,""
"ods","t_ncc_listed_ap_payitem","PREPAY","decimal(38,0)","YES",,""
"ods","t_ncc_listed_ap_payitem","PRICE","decimal(28,8)","YES",,""
"ods","t_ncc_listed_ap_payitem","PRODUCTLINE","varchar(20)","YES",,""
"ods","t_ncc_listed_ap_payitem","PROJECT","varchar(20)","YES",,""
"ods","t_ncc_listed_ap_payitem","PROJECT_TASK","varchar(20)","YES",,""
"ods","t_ncc_listed_ap_payitem","PU_DEPTID","varchar(20)","YES",,""
"ods","t_ncc_listed_ap_payitem","PU_DEPTID_V","varchar(20)","YES",,""
"ods","t_ncc_listed_ap_payitem","PU_ORG","varchar(20)","YES",,""
"ods","t_ncc_listed_ap_payitem","PU_ORG_V","varchar(20)","YES",,""
"ods","t_ncc_listed_ap_payitem","PU_PSNDOC","varchar(20)","YES",,""
"ods","t_ncc_listed_ap_payitem","PURCHASEORDER","varchar(40)","YES",,""
"ods","t_ncc_listed_ap_payitem","QUANTITY_BAL","decimal(20,8)","YES",,""
"ods","t_ncc_listed_ap_payitem","QUANTITY_CR","decimal(20,8)","YES",,""
"ods","t_ncc_listed_ap_payitem","QUANTITY_DE","decimal(20,8)","YES",,""
"ods","t_ncc_listed_ap_payitem","RATE","double","YES",,""
"ods","t_ncc_listed_ap_payitem","RECACCOUNT","varchar(20)","YES",,""
"ods","t_ncc_listed_ap_payitem","REFUSE_REASON","varchar(100)","YES",,""
"ods","t_ncc_listed_ap_payitem","ROWNO","decimal(38,0)","YES",,""
"ods","t_ncc_listed_ap_payitem","ROWTYPE","decimal(38,0)","YES",,""
"ods","t_ncc_listed_ap_payitem","SCOMMENT","text","YES",,""
"ods","t_ncc_listed_ap_payitem","SENDCOUNTRYID","varchar(20)","YES",,""
"ods","t_ncc_listed_ap_payitem","SETT_ORG","varchar(20)","YES",,""
"ods","t_ncc_listed_ap_payitem","SETT_ORG_V","varchar(20)","YES",,""
"ods","t_ncc_listed_ap_payitem","SETTLECURR","varchar(20)","YES",,""
"ods","t_ncc_listed_ap_payitem","SETTLEMONEY","decimal(28,8)","YES",,""
"ods","t_ncc_listed_ap_payitem","SRC_BILLID","varchar(20)","YES",,""
"ods","t_ncc_listed_ap_payitem","SRC_BILLTYPE","varchar(20)","YES",,""
"ods","t_ncc_listed_ap_payitem","SRC_ITEMID","varchar(20)","YES",,""
"ods","t_ncc_listed_ap_payitem","SRC_TRADETYPE","varchar(20)","YES",,""
"ods","t_ncc_listed_ap_payitem","SUBJCODE","varchar(120)","YES",,""
"ods","t_ncc_listed_ap_payitem","SUPPLIER","varchar(20)","YES",,""
"ods","t_ncc_listed_ap_payitem","TAX_DE","decimal(28,8)","YES",,""
"ods","t_ncc_listed_ap_payitem","TAXCODEID","varchar(20)","YES",,""
"ods","t_ncc_listed_ap_payitem","TAXNUM","varchar(30)","YES",,""
"ods","t_ncc_listed_ap_payitem","TAXPRICE","decimal(28,8)","YES",,""
"ods","t_ncc_listed_ap_payitem","TAXRATE","double","YES",,""
"ods","t_ncc_listed_ap_payitem","TAXTYPE","decimal(38,0)","YES",,""
"ods","t_ncc_listed_ap_payitem","TOP_BILLID","varchar(20)","YES",,""
"ods","t_ncc_listed_ap_payitem","TOP_BILLTYPE","varchar(20)","YES",,""
"ods","t_ncc_listed_ap_payitem","TOP_ITEMID","varchar(20)","YES",,""
"ods","t_ncc_listed_ap_payitem","TOP_TERMCH","varchar(20)","YES",,""
"ods","t_ncc_listed_ap_payitem","TOP_TRADETYPE","varchar(20)","YES",,""
"ods","t_ncc_listed_ap_payitem","TRANSERIAL","varchar(200)","YES",,""
"ods","t_ncc_listed_ap_payitem","TS","varchar(19)","YES",,""
"ods","t_ncc_listed_ap_payitem","VATCODE","varchar(50)","YES",,""
"ods","t_ncc_listed_ap_payitem","VENDORVATCODE","varchar(50)","YES",,""
"ods","t_ncc_listed_ap_payitem","INSERT_TIME","datetime","YES",,""
"ods","t_ncc_listed_gl_voucher","ADDCLASS","varchar(60)","YES",,""
"ods","t_ncc_listed_gl_voucher","ADJUSTPERIOD","varchar(3)","YES",,""
"ods","t_ncc_listed_gl_voucher","APPROVER","varchar(20)","YES",,""
"ods","t_ncc_listed_gl_voucher","ATTACHMENT","decimal(38,0)","YES",,""
"ods","t_ncc_listed_gl_voucher","BILLMAKER","varchar(20)","YES",,""
"ods","t_ncc_listed_gl_voucher","CHECKEDDATE","varchar(19)","YES",,""
"ods","t_ncc_listed_gl_voucher","CONTRASTFLAG","decimal(38,0)","YES",,""
"ods","t_ncc_listed_gl_voucher","CONVERTFLAG","char(1)","YES",,""
"ods","t_ncc_listed_gl_voucher","CREATIONTIME","varchar(19)","YES",,""
"ods","t_ncc_listed_gl_voucher","CREATOR","varchar(20)","YES",,""
"ods","t_ncc_listed_gl_voucher","DELETECLASS","varchar(60)","YES",,""
"ods","t_ncc_listed_gl_voucher","DETAILMODFLAG","char(1)","YES",,""
"ods","t_ncc_listed_gl_voucher","DISCARDFLAG","char(1)","YES",,""
"ods","t_ncc_listed_gl_voucher","DR","bigint(20)","YES",,""
"ods","t_ncc_listed_gl_voucher","ERRMESSAGE","varchar(60)","YES",,""
"ods","t_ncc_listed_gl_voucher","ERRMESSAGEH","varchar(90)","YES",,""
"ods","t_ncc_listed_gl_voucher","EXPLANATION","text","YES",,""
"ods","t_ncc_listed_gl_voucher","FREE1","varchar(60)","YES",,""
"ods","t_ncc_listed_gl_voucher","FREE10","varchar(60)","YES",,""
"ods","t_ncc_listed_gl_voucher","FREE2","varchar(60)","YES",,""
"ods","t_ncc_listed_gl_voucher","FREE3","varchar(60)","YES",,""
"ods","t_ncc_listed_gl_voucher","FREE4","varchar(60)","YES",,""
"ods","t_ncc_listed_gl_voucher","FREE5","varchar(60)","YES",,""
"ods","t_ncc_listed_gl_voucher","FREE6","varchar(60)","YES",,""
"ods","t_ncc_listed_gl_voucher","FREE7","varchar(60)","YES",,""
"ods","t_ncc_listed_gl_voucher","FREE8","varchar(60)","YES",,""
"ods","t_ncc_listed_gl_voucher","FREE9","varchar(60)","YES",,""
"ods","t_ncc_listed_gl_voucher","ISDIFFLAG","char(1)","YES",,""
"ods","t_ncc_listed_gl_voucher","MODIFIEDTIME","varchar(19)","YES",,""
"ods","t_ncc_listed_gl_voucher","MODIFIER","varchar(20)","YES",,""
"ods","t_ncc_listed_gl_voucher","MODIFYCLASS","varchar(60)","YES",,""
"ods","t_ncc_listed_gl_voucher","MODIFYFLAG","varchar(20)","YES",,""
"ods","t_ncc_listed_gl_voucher","NUM","decimal(38,0)","YES",,""
"ods","t_ncc_listed_gl_voucher","OFFERVOUCHER","varchar(20)","YES",,""
"ods","t_ncc_listed_gl_voucher","PERIOD","varchar(2)","YES",,""
"ods","t_ncc_listed_gl_voucher","PK_ACCOUNTINGBOOK","varchar(20)","YES",,""
"ods","t_ncc_listed_gl_voucher","PK_CASHER","varchar(20)","YES",,""
"ods","t_ncc_listed_gl_voucher","PK_CHECKED","varchar(20)","YES",,""
"ods","t_ncc_listed_gl_voucher","PK_GROUP","varchar(20)","YES",,""
"ods","t_ncc_listed_gl_voucher","PK_MANAGER","varchar(20)","YES",,""
"ods","t_ncc_listed_gl_voucher","PK_ORG","varchar(20)","YES",,""
"ods","t_ncc_listed_gl_voucher","PK_ORG_V","varchar(20)","YES",,""
"ods","t_ncc_listed_gl_voucher","PK_PREPARED","varchar(20)","YES",,""
"ods","t_ncc_listed_gl_voucher","PK_SETOFBOOK","varchar(20)","YES",,""
"ods","t_ncc_listed_gl_voucher","PK_SOURCEPK","varchar(20)","YES",,""
"ods","t_ncc_listed_gl_voucher","PK_SYSTEM","varchar(20)","YES",,""
"ods","t_ncc_listed_gl_voucher","PK_VOUCHER","varchar(20)","YES",,""
"ods","t_ncc_listed_gl_voucher","PK_VOUCHERTYPE","varchar(20)","YES",,""
"ods","t_ncc_listed_gl_voucher","PREACCOUNTFLAG","char(1)","YES",,""
"ods","t_ncc_listed_gl_voucher","PREPAREDDATE","varchar(19)","YES",,""
"ods","t_ncc_listed_gl_voucher","SIGNDATE","varchar(19)","YES",,""
"ods","t_ncc_listed_gl_voucher","SIGNFLAG","char(1)","YES",,""
"ods","t_ncc_listed_gl_voucher","TALLYDATE","varchar(19)","YES",,""
"ods","t_ncc_listed_gl_voucher","TEMPSAVEFLAG","char(1)","YES",,""
"ods","t_ncc_listed_gl_voucher","TOTALCREDIT","decimal(28,8)","YES",,""
"ods","t_ncc_listed_gl_voucher","TOTALCREDITGLOBAL","decimal(28,8)","YES",,""
"ods","t_ncc_listed_gl_voucher","TOTALCREDITGROUP","decimal(28,8)","YES",,""
"ods","t_ncc_listed_gl_voucher","TOTALDEBIT","decimal(28,8)","YES",,""
"ods","t_ncc_listed_gl_voucher","TOTALDEBITGLOBAL","decimal(28,8)","YES",,""
"ods","t_ncc_listed_gl_voucher","TOTALDEBITGROUP","decimal(28,8)","YES",,""
"ods","t_ncc_listed_gl_voucher","TS","varchar(19)","YES",,""
"ods","t_ncc_listed_gl_voucher","VOUCHERKIND","decimal(38,0)","YES",,""
"ods","t_ncc_listed_gl_voucher","YEAR","varchar(4)","YES",,""
"ods","t_ncc_listed_gl_voucher","INSERT_TIME","datetime","YES",,""
"ods","t_ncc_unlisted_ap_paybill","ACCESSORYNUM","decimal(38,0)","YES",,""
"ods","t_ncc_unlisted_ap_paybill","APPROVEDATE","varchar(19)","YES",,""
"ods","t_ncc_unlisted_ap_paybill","APPROVER","varchar(20)","YES",,""
"ods","t_ncc_unlisted_ap_paybill","APPROVESTATUS","decimal(38,0)","YES",,""
"ods","t_ncc_unlisted_ap_paybill","BILLCLASS","varchar(2)","YES",,""
"ods","t_ncc_unlisted_ap_paybill","BILLDATE","varchar(19)","YES",,""
"ods","t_ncc_unlisted_ap_paybill","BILLMAKER","varchar(20)","YES",,""
"ods","t_ncc_unlisted_ap_paybill","BILLNO","varchar(50)","YES",,""
"ods","t_ncc_unlisted_ap_paybill","BILLPERIOD","varchar(2)","YES",,""
"ods","t_ncc_unlisted_ap_paybill","BILLSTATUS","decimal(38,0)","YES",,""
"ods","t_ncc_unlisted_ap_paybill","BILLYEAR","varchar(4)","YES",,""
"ods","t_ncc_unlisted_ap_paybill","COMMPAYBEGINDATE","varchar(19)","YES",,""
"ods","t_ncc_unlisted_ap_paybill","COMMPAYENDDATE","varchar(19)","YES",,""
"ods","t_ncc_unlisted_ap_paybill","CONFIRMUSER","varchar(20)","YES",,""
"ods","t_ncc_unlisted_ap_paybill","CONSIGNAGREEMENT","varchar(20)","YES",,""
"ods","t_ncc_unlisted_ap_paybill","COORDFLAG","decimal(38,0)","YES",,""
"ods","t_ncc_unlisted_ap_paybill","CREATIONTIME","varchar(19)","YES",,""
"ods","t_ncc_unlisted_ap_paybill","CREATOR","varchar(20)","YES",,""
"ods","t_ncc_unlisted_ap_paybill","CREDITORREFERENCE","varchar(50)","YES",,""
"ods","t_ncc_unlisted_ap_paybill","CREDITREFSTD","varchar(20)","YES",,""
"ods","t_ncc_unlisted_ap_paybill","CUSTDELEGATE","varchar(20)","YES",,""
"ods","t_ncc_unlisted_ap_paybill","DEF1","varchar(101)","YES",,""
"ods","t_ncc_unlisted_ap_paybill","DEF10","varchar(101)","YES",,""
"ods","t_ncc_unlisted_ap_paybill","DEF11","varchar(101)","YES",,""
"ods","t_ncc_unlisted_ap_paybill","DEF12","varchar(101)","YES",,""
"ods","t_ncc_unlisted_ap_paybill","DEF13","varchar(101)","YES",,""
"ods","t_ncc_unlisted_ap_paybill","DEF14","varchar(101)","YES",,""
"ods","t_ncc_unlisted_ap_paybill","DEF15","varchar(101)","YES",,""
"ods","t_ncc_unlisted_ap_paybill","DEF16","varchar(101)","YES",,""
"ods","t_ncc_unlisted_ap_paybill","DEF17","varchar(101)","YES",,""
"ods","t_ncc_unlisted_ap_paybill","DEF18","varchar(101)","YES",,""
"ods","t_ncc_unlisted_ap_paybill","DEF19","varchar(101)","YES",,""
"ods","t_ncc_unlisted_ap_paybill","DEF2","varchar(101)","YES",,""
"ods","t_ncc_unlisted_ap_paybill","DEF20","varchar(101)","YES",,""
"ods","t_ncc_unlisted_ap_paybill","DEF21","varchar(101)","YES",,""
"ods","t_ncc_unlisted_ap_paybill","DEF22","varchar(101)","YES",,""
"ods","t_ncc_unlisted_ap_paybill","DEF23","varchar(101)","YES",,""
"ods","t_ncc_unlisted_ap_paybill","DEF24","varchar(101)","YES",,""
"ods","t_ncc_unlisted_ap_paybill","DEF25","varchar(101)","YES",,""
"ods","t_ncc_unlisted_ap_paybill","DEF26","varchar(101)","YES",,""
"ods","t_ncc_unlisted_ap_paybill","DEF27","varchar(101)","YES",,""
"ods","t_ncc_unlisted_ap_paybill","DEF28","varchar(101)","YES",,""
"ods","t_ncc_unlisted_ap_paybill","DEF29","varchar(101)","YES",,""
"ods","t_ncc_unlisted_ap_paybill","DEF3","varchar(101)","YES",,""
"ods","t_ncc_unlisted_ap_paybill","DEF30","varchar(101)","YES",,""
"ods","t_ncc_unlisted_ap_paybill","DEF31","varchar(101)","YES",,""
"ods","t_ncc_unlisted_ap_paybill","DEF32","varchar(101)","YES",,""
"ods","t_ncc_unlisted_ap_paybill","DEF33","varchar(101)","YES",,""
"ods","t_ncc_unlisted_ap_paybill","DEF34","varchar(101)","YES",,""
"ods","t_ncc_unlisted_ap_paybill","DEF35","varchar(101)","YES",,""
"ods","t_ncc_unlisted_ap_paybill","DEF36","varchar(101)","YES",,""
"ods","t_ncc_unlisted_ap_paybill","DEF37","varchar(101)","YES",,""
"ods","t_ncc_unlisted_ap_paybill","DEF38","varchar(101)","YES",,""
"ods","t_ncc_unlisted_ap_paybill","DEF39","varchar(101)","YES",,""
"ods","t_ncc_unlisted_ap_paybill","DEF4","varchar(101)","YES",,""
"ods","t_ncc_unlisted_ap_paybill","DEF40","varchar(101)","YES",,""
"ods","t_ncc_unlisted_ap_paybill","DEF41","varchar(101)","YES",,""
"ods","t_ncc_unlisted_ap_paybill","DEF42","varchar(101)","YES",,""
"ods","t_ncc_unlisted_ap_paybill","DEF43","varchar(101)","YES",,""
"ods","t_ncc_unlisted_ap_paybill","DEF44","varchar(101)","YES",,""
"ods","t_ncc_unlisted_ap_paybill","DEF45","varchar(101)","YES",,""
"ods","t_ncc_unlisted_ap_paybill","DEF46","varchar(101)","YES",,""
"ods","t_ncc_unlisted_ap_paybill","DEF47","varchar(101)","YES",,""
"ods","t_ncc_unlisted_ap_paybill","DEF48","varchar(101)","YES",,""
"ods","t_ncc_unlisted_ap_paybill","DEF49","varchar(101)","YES",,""
"ods","t_ncc_unlisted_ap_paybill","DEF5","varchar(101)","YES",,""
"ods","t_ncc_unlisted_ap_paybill","DEF50","varchar(101)","YES",,""
"ods","t_ncc_unlisted_ap_paybill","DEF51","varchar(101)","YES",,""
"ods","t_ncc_unlisted_ap_paybill","DEF52","varchar(101)","YES",,""
"ods","t_ncc_unlisted_ap_paybill","DEF53","varchar(101)","YES",,""
"ods","t_ncc_unlisted_ap_paybill","DEF54","varchar(101)","YES",,""
"ods","t_ncc_unlisted_ap_paybill","DEF55","varchar(101)","YES",,""
"ods","t_ncc_unlisted_ap_paybill","DEF56","varchar(101)","YES",,""
"ods","t_ncc_unlisted_ap_paybill","DEF57","varchar(101)","YES",,""
"ods","t_ncc_unlisted_ap_paybill","DEF58","varchar(101)","YES",,""
"ods","t_ncc_unlisted_ap_paybill","DEF59","varchar(101)","YES",,""
"ods","t_ncc_unlisted_ap_paybill","DEF6","varchar(101)","YES",,""
"ods","t_ncc_unlisted_ap_paybill","DEF60","varchar(101)","YES",,""
"ods","t_ncc_unlisted_ap_paybill","DEF61","varchar(101)","YES",,""
"ods","t_ncc_unlisted_ap_paybill","DEF62","varchar(101)","YES",,""
"ods","t_ncc_unlisted_ap_paybill","DEF63","varchar(101)","YES",,""
"ods","t_ncc_unlisted_ap_paybill","DEF64","varchar(101)","YES",,""
"ods","t_ncc_unlisted_ap_paybill","DEF65","varchar(101)","YES",,""
"ods","t_ncc_unlisted_ap_paybill","DEF66","varchar(101)","YES",,""
"ods","t_ncc_unlisted_ap_paybill","DEF67","varchar(101)","YES",,""
"ods","t_ncc_unlisted_ap_paybill","DEF68","varchar(101)","YES",,""
"ods","t_ncc_unlisted_ap_paybill","DEF69","varchar(101)","YES",,""
"ods","t_ncc_unlisted_ap_paybill","DEF7","varchar(101)","YES",,""
"ods","t_ncc_unlisted_ap_paybill","DEF70","varchar(101)","YES",,""
"ods","t_ncc_unlisted_ap_paybill","DEF71","varchar(101)","YES",,""
"ods","t_ncc_unlisted_ap_paybill","DEF72","varchar(101)","YES",,""
"ods","t_ncc_unlisted_ap_paybill","DEF73","varchar(101)","YES",,""
"ods","t_ncc_unlisted_ap_paybill","DEF74","varchar(101)","YES",,""
"ods","t_ncc_unlisted_ap_paybill","DEF75","varchar(101)","YES",,""
"ods","t_ncc_unlisted_ap_paybill","DEF76","varchar(101)","YES",,""
"ods","t_ncc_unlisted_ap_paybill","DEF77","varchar(101)","YES",,""
"ods","t_ncc_unlisted_ap_paybill","DEF78","varchar(101)","YES",,""
"ods","t_ncc_unlisted_ap_paybill","DEF79","varchar(101)","YES",,""
"ods","t_ncc_unlisted_ap_paybill","DEF8","varchar(101)","YES",,""
"ods","t_ncc_unlisted_ap_paybill","DEF80","varchar(101)","YES",,""
"ods","t_ncc_unlisted_ap_paybill","DEF9","varchar(101)","YES",,""
"ods","t_ncc_unlisted_ap_paybill","DR","bigint(20)","YES",,""
"ods","t_ncc_unlisted_ap_paybill","EFFECTDATE","varchar(19)","YES",,""
"ods","t_ncc_unlisted_ap_paybill","EFFECTSTATUS","decimal(38,0)","YES",,""
"ods","t_ncc_unlisted_ap_paybill","EFFECTUSER","varchar(20)","YES",,""
"ods","t_ncc_unlisted_ap_paybill","EXPECTDEALDATE","varchar(19)","YES",,""
"ods","t_ncc_unlisted_ap_paybill","FAILUREREASON","varchar(181)","YES",,""
"ods","t_ncc_unlisted_ap_paybill","GLOBALLOCAL","decimal(28,8)","YES",,""
"ods","t_ncc_unlisted_ap_paybill","GROUPLOCAL","decimal(28,8)","YES",,""
"ods","t_ncc_unlisted_ap_paybill","INVOICENO","varchar(140)","YES",,""
"ods","t_ncc_unlisted_ap_paybill","ISFLOWBILL","char(1)","YES",,""
"ods","t_ncc_unlisted_ap_paybill","ISFORCE","char(1)","YES",,""
"ods","t_ncc_unlisted_ap_paybill","ISFROMINDEPENDENT","char(1)","YES",,""
"ods","t_ncc_unlisted_ap_paybill","ISINIT","char(1)","YES",,""
"ods","t_ncc_unlisted_ap_paybill","ISMANDATEPAY","char(1)","YES",,""
"ods","t_ncc_unlisted_ap_paybill","ISNETPAYREADY","char(1)","YES",,""
"ods","t_ncc_unlisted_ap_paybill","ISONLINEPAY","char(1)","YES",,""
"ods","t_ncc_unlisted_ap_paybill","ISREDED","char(1)","YES",,""
"ods","t_ncc_unlisted_ap_paybill","ISREFUND","char(1)","YES",,""
"ods","t_ncc_unlisted_ap_paybill","ISURGENT","char(1)","YES",,""
"ods","t_ncc_unlisted_ap_paybill","LASTADJUSTUSER","varchar(20)","YES",,""
"ods","t_ncc_unlisted_ap_paybill","LASTAPPROVEID","varchar(20)","YES",,""
"ods","t_ncc_unlisted_ap_paybill","LOCAL_MONEY","decimal(28,8)","YES",,""
"ods","t_ncc_unlisted_ap_paybill","MODIFIEDTIME","varchar(19)","YES",,""
"ods","t_ncc_unlisted_ap_paybill","MODIFIER","varchar(20)","YES",,""
"ods","t_ncc_unlisted_ap_paybill","MONEY","decimal(28,8)","YES",,""
"ods","t_ncc_unlisted_ap_paybill","OFFICIALPRINTDATE","varchar(19)","YES",,""
"ods","t_ncc_unlisted_ap_paybill","OFFICIALPRINTUSER","varchar(20)","YES",,""
"ods","t_ncc_unlisted_ap_paybill","OUTBUSITYPE","varchar(20)","YES",,""
"ods","t_ncc_unlisted_ap_paybill","PAYDATE","varchar(19)","YES",,""
"ods","t_ncc_unlisted_ap_paybill","PAYMAN","varchar(20)","YES",,""
"ods","t_ncc_unlisted_ap_paybill","PK_BILLTYPE","varchar(20)","YES",,""
"ods","t_ncc_unlisted_ap_paybill","PK_BUSITYPE","varchar(20)","YES",,""
"ods","t_ncc_unlisted_ap_paybill","PK_CORP","varchar(20)","YES",,""
"ods","t_ncc_unlisted_ap_paybill","PK_CURRTYPE","varchar(20)","YES",,""
"ods","t_ncc_unlisted_ap_paybill","PK_FIORG","varchar(20)","YES",,""
"ods","t_ncc_unlisted_ap_paybill","PK_FIORG_V","varchar(20)","YES",,""
"ods","t_ncc_unlisted_ap_paybill","PK_GROUP","varchar(20)","YES",,""
"ods","t_ncc_unlisted_ap_paybill","PK_ORG","varchar(20)","YES",,""
"ods","t_ncc_unlisted_ap_paybill","PK_ORG_V","varchar(20)","YES",,""
"ods","t_ncc_unlisted_ap_paybill","PK_PAYBILL","varchar(20)","YES",,""
"ods","t_ncc_unlisted_ap_paybill","PK_PCORG","varchar(20)","YES",,""
"ods","t_ncc_unlisted_ap_paybill","PK_PCORG_V","varchar(20)","YES",,""
"ods","t_ncc_unlisted_ap_paybill","PK_TRADETYPE","varchar(20)","YES",,""
"ods","t_ncc_unlisted_ap_paybill","PK_TRADETYPEID","varchar(20)","YES",,""
"ods","t_ncc_unlisted_ap_paybill","RECECOUNTRYID","varchar(20)","YES",,""
"ods","t_ncc_unlisted_ap_paybill","REVERSALREASON","varchar(181)","YES",,""
"ods","t_ncc_unlisted_ap_paybill","SCOMMENT","text","YES",,""
"ods","t_ncc_unlisted_ap_paybill","SDDREVERSALFLAG","char(1)","YES",,""
"ods","t_ncc_unlisted_ap_paybill","SETT_ORG","varchar(20)","YES",,""
"ods","t_ncc_unlisted_ap_paybill","SETT_ORG_V","varchar(20)","YES",,""
"ods","t_ncc_unlisted_ap_paybill","SETTLEFLAG","decimal(38,0)","YES",,""
"ods","t_ncc_unlisted_ap_paybill","SETTLENUM","varchar(30)","YES",,""
"ods","t_ncc_unlisted_ap_paybill","SETTLETYPE","decimal(38,0)","YES",,""
"ods","t_ncc_unlisted_ap_paybill","SIGNDATE","varchar(19)","YES",,""
"ods","t_ncc_unlisted_ap_paybill","SIGNPERIOD","varchar(2)","YES",,""
"ods","t_ncc_unlisted_ap_paybill","SIGNUSER","varchar(20)","YES",,""
"ods","t_ncc_unlisted_ap_paybill","SIGNYEAR","varchar(4)","YES",,""
"ods","t_ncc_unlisted_ap_paybill","SRC_SYSCODE","decimal(38,0)","YES",,""
"ods","t_ncc_unlisted_ap_paybill","SUBJCODE","varchar(20)","YES",,""
"ods","t_ncc_unlisted_ap_paybill","SYSCODE","decimal(38,0)","YES",,""
"ods","t_ncc_unlisted_ap_paybill","TAXCOUNTRYID","varchar(20)","YES",,""
"ods","t_ncc_unlisted_ap_paybill","TS","varchar(19)","YES",,""
"ods","t_ncc_unlisted_ap_paybill","INSERT_TIME","datetime","YES",,""
"ods","t_ncc_unlisted_ap_payitem","AGENTRECEIVELOCAL","decimal(28,8)","YES",,""
"ods","t_ncc_unlisted_ap_payitem","AGENTRECEIVEPRIMAL","decimal(28,8)","YES",,""
"ods","t_ncc_unlisted_ap_payitem","ASSETPACTNO","varchar(80)","YES",,""
"ods","t_ncc_unlisted_ap_payitem","BANKRELATED_CODE","varchar(100)","YES",,""
"ods","t_ncc_unlisted_ap_payitem","BANKROLLPROJET","varchar(20)","YES",,""
"ods","t_ncc_unlisted_ap_payitem","BILLCLASS","varchar(2)","YES",,""
"ods","t_ncc_unlisted_ap_payitem","BILLDATE","varchar(19)","YES",,""
"ods","t_ncc_unlisted_ap_payitem","BILLNO","varchar(50)","YES",,""
"ods","t_ncc_unlisted_ap_payitem","BUSIDATE","varchar(19)","YES",,""
"ods","t_ncc_unlisted_ap_payitem","BUYSELLFLAG","decimal(38,0)","YES",,""
"ods","t_ncc_unlisted_ap_payitem","CASHACCOUNT","varchar(20)","YES",,""
"ods","t_ncc_unlisted_ap_payitem","CASHITEM","varchar(20)","YES",,""
"ods","t_ncc_unlisted_ap_payitem","CHECKDIRECTION","varchar(50)","YES",,""
"ods","t_ncc_unlisted_ap_payitem","CHECKELEMENT","varchar(20)","YES",,""
"ods","t_ncc_unlisted_ap_payitem","CHECKNO","varchar(20)","YES",,""
"ods","t_ncc_unlisted_ap_payitem","CHECKTYPE","varchar(20)","YES",,""
"ods","t_ncc_unlisted_ap_payitem","COMMPAYER","varchar(20)","YES",,""
"ods","t_ncc_unlisted_ap_payitem","COMMPAYSTATUS","int(11)","YES",,""
"ods","t_ncc_unlisted_ap_payitem","COMMPAYTYPE","int(11)","YES",,""
"ods","t_ncc_unlisted_ap_payitem","CONFERNUM","varchar(60)","YES",,""
"ods","t_ncc_unlisted_ap_payitem","CONTRACTNO","varchar(40)","YES",,""
"ods","t_ncc_unlisted_ap_payitem","COORDFLAG","decimal(38,0)","YES",,""
"ods","t_ncc_unlisted_ap_payitem","COSTCENTER","varchar(20)","YES",,""
"ods","t_ncc_unlisted_ap_payitem","CUSTOMER","varchar(20)","YES",,""
"ods","t_ncc_unlisted_ap_payitem","DEF1","varchar(101)","YES",,""
"ods","t_ncc_unlisted_ap_payitem","DEF10","varchar(101)","YES",,""
"ods","t_ncc_unlisted_ap_payitem","DEF11","text","YES",,""
"ods","t_ncc_unlisted_ap_payitem","DEF12","varchar(101)","YES",,""
"ods","t_ncc_unlisted_ap_payitem","DEF13","varchar(101)","YES",,""
"ods","t_ncc_unlisted_ap_payitem","DEF14","varchar(101)","YES",,""
"ods","t_ncc_unlisted_ap_payitem","DEF15","varchar(101)","YES",,""
"ods","t_ncc_unlisted_ap_payitem","DEF16","varchar(101)","YES",,""
"ods","t_ncc_unlisted_ap_payitem","DEF17","varchar(101)","YES",,""
"ods","t_ncc_unlisted_ap_payitem","DEF18","varchar(101)","YES",,""
"ods","t_ncc_unlisted_ap_payitem","DEF19","varchar(101)","YES",,""
"ods","t_ncc_unlisted_ap_payitem","DEF2","varchar(101)","YES",,""
"ods","t_ncc_unlisted_ap_payitem","DEF20","varchar(101)","YES",,""
"ods","t_ncc_unlisted_ap_payitem","DEF21","varchar(101)","YES",,""
"ods","t_ncc_unlisted_ap_payitem","DEF22","varchar(101)","YES",,""
"ods","t_ncc_unlisted_ap_payitem","DEF23","varchar(101)","YES",,""
"ods","t_ncc_unlisted_ap_payitem","DEF24","varchar(101)","YES",,""
"ods","t_ncc_unlisted_ap_payitem","DEF25","varchar(101)","YES",,""
"ods","t_ncc_unlisted_ap_payitem","DEF26","varchar(101)","YES",,""
"ods","t_ncc_unlisted_ap_payitem","DEF27","varchar(101)","YES",,""
"ods","t_ncc_unlisted_ap_payitem","DEF28","varchar(101)","YES",,""
"ods","t_ncc_unlisted_ap_payitem","DEF29","varchar(101)","YES",,""
"ods","t_ncc_unlisted_ap_payitem","DEF3","varchar(101)","YES",,""
"ods","t_ncc_unlisted_ap_payitem","DEF30","varchar(101)","YES",,""
"ods","t_ncc_unlisted_ap_payitem","DEF31","varchar(101)","YES",,""
"ods","t_ncc_unlisted_ap_payitem","DEF32","varchar(101)","YES",,""
"ods","t_ncc_unlisted_ap_payitem","DEF33","varchar(101)","YES",,""
"ods","t_ncc_unlisted_ap_payitem","DEF34","varchar(101)","YES",,""
"ods","t_ncc_unlisted_ap_payitem","DEF35","varchar(101)","YES",,""
"ods","t_ncc_unlisted_ap_payitem","DEF36","varchar(101)","YES",,""
"ods","t_ncc_unlisted_ap_payitem","DEF37","varchar(101)","YES",,""
"ods","t_ncc_unlisted_ap_payitem","DEF38","varchar(101)","YES",,""
"ods","t_ncc_unlisted_ap_payitem","DEF39","varchar(101)","YES",,""
"ods","t_ncc_unlisted_ap_payitem","DEF4","varchar(101)","YES",,""
"ods","t_ncc_unlisted_ap_payitem","DEF40","varchar(101)","YES",,""
"ods","t_ncc_unlisted_ap_payitem","DEF41","varchar(101)","YES",,""
"ods","t_ncc_unlisted_ap_payitem","DEF42","varchar(101)","YES",,""
"ods","t_ncc_unlisted_ap_payitem","DEF43","varchar(101)","YES",,""
"ods","t_ncc_unlisted_ap_payitem","DEF44","varchar(101)","YES",,""
"ods","t_ncc_unlisted_ap_payitem","DEF45","varchar(101)","YES",,""
"ods","t_ncc_unlisted_ap_payitem","DEF46","varchar(101)","YES",,""
"ods","t_ncc_unlisted_ap_payitem","DEF47","varchar(101)","YES",,""
"ods","t_ncc_unlisted_ap_payitem","DEF48","varchar(101)","YES",,""
"ods","t_ncc_unlisted_ap_payitem","DEF49","varchar(101)","YES",,""
"ods","t_ncc_unlisted_ap_payitem","DEF5","varchar(101)","YES",,""
"ods","t_ncc_unlisted_ap_payitem","DEF50","varchar(101)","YES",,""
"ods","t_ncc_unlisted_ap_payitem","DEF51","varchar(101)","YES",,""
"ods","t_ncc_unlisted_ap_payitem","DEF52","varchar(101)","YES",,""
"ods","t_ncc_unlisted_ap_payitem","DEF53","varchar(101)","YES",,""
"ods","t_ncc_unlisted_ap_payitem","DEF54","varchar(101)","YES",,""
"ods","t_ncc_unlisted_ap_payitem","DEF55","varchar(101)","YES",,""
"ods","t_ncc_unlisted_ap_payitem","DEF56","varchar(101)","YES",,""
"ods","t_ncc_unlisted_ap_payitem","DEF57","varchar(101)","YES",,""
"ods","t_ncc_unlisted_ap_payitem","DEF58","varchar(101)","YES",,""
"ods","t_ncc_unlisted_ap_payitem","DEF59","varchar(101)","YES",,""
"ods","t_ncc_unlisted_ap_payitem","DEF6","varchar(101)","YES",,""
"ods","t_ncc_unlisted_ap_payitem","DEF60","varchar(101)","YES",,""
"ods","t_ncc_unlisted_ap_payitem","DEF61","varchar(101)","YES",,""
"ods","t_ncc_unlisted_ap_payitem","DEF62","varchar(101)","YES",,""
"ods","t_ncc_unlisted_ap_payitem","DEF63","varchar(101)","YES",,""
"ods","t_ncc_unlisted_ap_payitem","DEF64","varchar(101)","YES",,""
"ods","t_ncc_unlisted_ap_payitem","DEF65","varchar(101)","YES",,""
"ods","t_ncc_unlisted_ap_payitem","DEF66","varchar(101)","YES",,""
"ods","t_ncc_unlisted_ap_payitem","DEF67","varchar(101)","YES",,""
"ods","t_ncc_unlisted_ap_payitem","DEF68","varchar(101)","YES",,""
"ods","t_ncc_unlisted_ap_payitem","DEF69","varchar(101)","YES",,""
"ods","t_ncc_unlisted_ap_payitem","DEF7","varchar(101)","YES",,""
"ods","t_ncc_unlisted_ap_payitem","DEF70","varchar(101)","YES",,""
"ods","t_ncc_unlisted_ap_payitem","DEF71","varchar(101)","YES",,""
"ods","t_ncc_unlisted_ap_payitem","DEF72","varchar(101)","YES",,""
"ods","t_ncc_unlisted_ap_payitem","DEF73","varchar(101)","YES",,""
"ods","t_ncc_unlisted_ap_payitem","DEF74","varchar(101)","YES",,""
"ods","t_ncc_unlisted_ap_payitem","DEF75","varchar(101)","YES",,""
"ods","t_ncc_unlisted_ap_payitem","DEF76","varchar(101)","YES",,""
"ods","t_ncc_unlisted_ap_payitem","DEF77","varchar(101)","YES",,""
"ods","t_ncc_unlisted_ap_payitem","DEF78","varchar(101)","YES",,""
"ods","t_ncc_unlisted_ap_payitem","DEF79","varchar(101)","YES",,""
"ods","t_ncc_unlisted_ap_payitem","DEF8","varchar(101)","YES",,""
"ods","t_ncc_unlisted_ap_payitem","DEF80","varchar(101)","YES",,""
"ods","t_ncc_unlisted_ap_payitem","DEF9","varchar(101)","YES",,""
"ods","t_ncc_unlisted_ap_payitem","DIRECTION","decimal(38,0)","YES",,""
"ods","t_ncc_unlisted_ap_payitem","DR","bigint(20)","YES",,""
"ods","t_ncc_unlisted_ap_payitem","EQUIPMENTCODE","varchar(100)","YES",,""
"ods","t_ncc_unlisted_ap_payitem","FACARD","varchar(50)","YES",,""
"ods","t_ncc_unlisted_ap_payitem","FORCEMONEY","decimal(28,8)","YES",,""
"ods","t_ncc_unlisted_ap_payitem","FREECUST","varchar(20)","YES",,""
"ods","t_ncc_unlisted_ap_payitem","GLOBALAGENTRECEIVELOCAL","decimal(28,8)","YES",,""
"ods","t_ncc_unlisted_ap_payitem","GLOBALBALANCE","decimal(28,8)","YES",,""
"ods","t_ncc_unlisted_ap_payitem","GLOBALDEBIT","decimal(28,8)","YES",,""
"ods","t_ncc_unlisted_ap_payitem","GLOBALNOTAX_DE","decimal(28,8)","YES",,""
"ods","t_ncc_unlisted_ap_payitem","GLOBALRATE","double","YES",,""
"ods","t_ncc_unlisted_ap_payitem","GLOBALTAX_DE","decimal(28,8)","YES",,""
"ods","t_ncc_unlisted_ap_payitem","GROUPAGENTRECEIVELOCAL","decimal(28,8)","YES",,""
"ods","t_ncc_unlisted_ap_payitem","GROUPBALANCE","decimal(28,8)","YES",,""
"ods","t_ncc_unlisted_ap_payitem","GROUPDEBIT","decimal(28,8)","YES",,""
"ods","t_ncc_unlisted_ap_payitem","GROUPNOTAX_DE","decimal(28,8)","YES",,""
"ods","t_ncc_unlisted_ap_payitem","GROUPRATE","double","YES",,""
"ods","t_ncc_unlisted_ap_payitem","GROUPTAX_DE","decimal(28,8)","YES",,""
"ods","t_ncc_unlisted_ap_payitem","INNERORDERNO","varchar(40)","YES",,""
"ods","t_ncc_unlisted_ap_payitem","INVOICENO","varchar(140)","YES",,""
"ods","t_ncc_unlisted_ap_payitem","ISDISCOUNT","char(1)","YES",,""
"ods","t_ncc_unlisted_ap_payitem","ISFORCE","char(1)","YES",,""
"ods","t_ncc_unlisted_ap_payitem","ISREFUSED","char(1)","YES",,""
"ods","t_ncc_unlisted_ap_payitem","ISURGENT","char(1)","YES",,""
"ods","t_ncc_unlisted_ap_payitem","LOCAL_MONEY_BAL","decimal(28,8)","YES",,""
"ods","t_ncc_unlisted_ap_payitem","LOCAL_MONEY_DE","decimal(28,8)","YES",,""
"ods","t_ncc_unlisted_ap_payitem","LOCAL_NOTAX_DE","decimal(28,8)","YES",,""
"ods","t_ncc_unlisted_ap_payitem","LOCAL_PRICE","decimal(28,8)","YES",,""
"ods","t_ncc_unlisted_ap_payitem","LOCAL_TAX_DE","decimal(28,8)","YES",,""
"ods","t_ncc_unlisted_ap_payitem","LOCAL_TAXPRICE","decimal(28,8)","YES",,""
"ods","t_ncc_unlisted_ap_payitem","MATERIAL","varchar(20)","YES",,""
"ods","t_ncc_unlisted_ap_payitem","MATERIAL_SRC","varchar(20)","YES",,""
"ods","t_ncc_unlisted_ap_payitem","MONEY_BAL","decimal(28,8)","YES",,""
"ods","t_ncc_unlisted_ap_payitem","MONEY_DE","decimal(28,8)","YES",,""
"ods","t_ncc_unlisted_ap_payitem","NOSUBTAX","decimal(28,8)","YES",,""
"ods","t_ncc_unlisted_ap_payitem","NOSUBTAXRATE","decimal(28,8)","YES",,""
"ods","t_ncc_unlisted_ap_payitem","NOTAX_DE","decimal(28,8)","YES",,""
"ods","t_ncc_unlisted_ap_payitem","OBJTYPE","decimal(38,0)","YES",,""
"ods","t_ncc_unlisted_ap_payitem","OCCUPATIONMNY","decimal(28,8)","YES",,""
"ods","t_ncc_unlisted_ap_payitem","ORDERCUBASDOC","varchar(20)","YES",,""
"ods","t_ncc_unlisted_ap_payitem","OUTSTORENO","varchar(40)","YES",,""
"ods","t_ncc_unlisted_ap_payitem","PAUSETRANSACT","char(1)","YES",,""
"ods","t_ncc_unlisted_ap_payitem","PAYACCOUNT","varchar(20)","YES",,""
"ods","t_ncc_unlisted_ap_payitem","PAYDATE","varchar(19)","YES",,""
"ods","t_ncc_unlisted_ap_payitem","PAYFLAG","decimal(38,0)","YES",,""
"ods","t_ncc_unlisted_ap_payitem","PAYMAN","varchar(20)","YES",,""
"ods","t_ncc_unlisted_ap_payitem","PAYREASON","varchar(181)","YES",,""
"ods","t_ncc_unlisted_ap_payitem","PK_BALATYPE","varchar(20)","YES",,""
"ods","t_ncc_unlisted_ap_payitem","PK_BILLTYPE","varchar(20)","YES",,""
"ods","t_ncc_unlisted_ap_payitem","PK_CURRTYPE","varchar(20)","YES",,""
"ods","t_ncc_unlisted_ap_payitem","PK_DEPTID","varchar(20)","YES",,""
"ods","t_ncc_unlisted_ap_payitem","PK_DEPTID_V","varchar(20)","YES",,""
"ods","t_ncc_unlisted_ap_payitem","PK_FIORG","varchar(20)","YES",,""
"ods","t_ncc_unlisted_ap_payitem","PK_FIORG_V","varchar(20)","YES",,""
"ods","t_ncc_unlisted_ap_payitem","PK_GROUP","varchar(20)","YES",,""
"ods","t_ncc_unlisted_ap_payitem","PK_JOB","varchar(20)","YES",,""
"ods","t_ncc_unlisted_ap_payitem","PK_JOBPHASE","varchar(20)","YES",,""
"ods","t_ncc_unlisted_ap_payitem","PK_ORG","varchar(20)","YES",,""
"ods","t_ncc_unlisted_ap_payitem","PK_ORG_V","varchar(20)","YES",,""
"ods","t_ncc_unlisted_ap_payitem","PK_PAYBILL","varchar(20)","YES",,""
"ods","t_ncc_unlisted_ap_payitem","PK_PAYITEM","varchar(20)","YES",,""
"ods","t_ncc_unlisted_ap_payitem","PK_PAYTERM","varchar(20)","YES",,""
"ods","t_ncc_unlisted_ap_payitem","PK_PCORG","varchar(20)","YES",,""
"ods","t_ncc_unlisted_ap_payitem","PK_PCORG_V","varchar(20)","YES",,""
"ods","t_ncc_unlisted_ap_payitem","PK_PSNDOC","varchar(20)","YES",,""
"ods","t_ncc_unlisted_ap_payitem","PK_RECPAYTYPE","varchar(20)","YES",,""
"ods","t_ncc_unlisted_ap_payitem","PK_SSITEM","varchar(20)","YES",,""
"ods","t_ncc_unlisted_ap_payitem","PK_SUBJCODE","varchar(20)","YES",,""
"ods","t_ncc_unlisted_ap_payitem","PK_TRADETYPE","varchar(20)","YES",,""
"ods","t_ncc_unlisted_ap_payitem","PK_TRADETYPEID","varchar(20)","YES",,""
"ods","t_ncc_unlisted_ap_payitem","POSTPRICE","decimal(28,8)","YES",,""
"ods","t_ncc_unlisted_ap_payitem","POSTPRICENOTAX","decimal(28,8)","YES",,""
"ods","t_ncc_unlisted_ap_payitem","POSTQUANTITY","decimal(20,8)","YES",,""
"ods","t_ncc_unlisted_ap_payitem","POSTUNIT","varchar(40)","YES",,""
"ods","t_ncc_unlisted_ap_payitem","PREPAY","decimal(38,0)","YES",,""
"ods","t_ncc_unlisted_ap_payitem","PRICE","decimal(28,8)","YES",,""
"ods","t_ncc_unlisted_ap_payitem","PRODUCTLINE","varchar(20)","YES",,""
"ods","t_ncc_unlisted_ap_payitem","PROJECT","varchar(20)","YES",,""
"ods","t_ncc_unlisted_ap_payitem","PROJECT_TASK","varchar(20)","YES",,""
"ods","t_ncc_unlisted_ap_payitem","PU_DEPTID","varchar(20)","YES",,""
"ods","t_ncc_unlisted_ap_payitem","PU_DEPTID_V","varchar(20)","YES",,""
"ods","t_ncc_unlisted_ap_payitem","PU_ORG","varchar(20)","YES",,""
"ods","t_ncc_unlisted_ap_payitem","PU_ORG_V","varchar(20)","YES",,""
"ods","t_ncc_unlisted_ap_payitem","PU_PSNDOC","varchar(20)","YES",,""
"ods","t_ncc_unlisted_ap_payitem","PURCHASEORDER","varchar(40)","YES",,""
"ods","t_ncc_unlisted_ap_payitem","QUANTITY_BAL","decimal(20,8)","YES",,""
"ods","t_ncc_unlisted_ap_payitem","QUANTITY_CR","decimal(20,8)","YES",,""
"ods","t_ncc_unlisted_ap_payitem","QUANTITY_DE","decimal(20,8)","YES",,""
"ods","t_ncc_unlisted_ap_payitem","RATE","double","YES",,""
"ods","t_ncc_unlisted_ap_payitem","RECACCOUNT","varchar(20)","YES",,""
"ods","t_ncc_unlisted_ap_payitem","REFUSE_REASON","varchar(100)","YES",,""
"ods","t_ncc_unlisted_ap_payitem","ROWNO","decimal(38,0)","YES",,""
"ods","t_ncc_unlisted_ap_payitem","ROWTYPE","decimal(38,0)","YES",,""
"ods","t_ncc_unlisted_ap_payitem","SCOMMENT","text","YES",,""
"ods","t_ncc_unlisted_ap_payitem","SENDCOUNTRYID","varchar(20)","YES",,""
"ods","t_ncc_unlisted_ap_payitem","SETT_ORG","varchar(20)","YES",,""
"ods","t_ncc_unlisted_ap_payitem","SETT_ORG_V","varchar(20)","YES",,""
"ods","t_ncc_unlisted_ap_payitem","SETTLECURR","varchar(20)","YES",,""
"ods","t_ncc_unlisted_ap_payitem","SETTLEMONEY","decimal(28,8)","YES",,""
"ods","t_ncc_unlisted_ap_payitem","SRC_BILLID","varchar(20)","YES",,""
"ods","t_ncc_unlisted_ap_payitem","SRC_BILLTYPE","varchar(20)","YES",,""
"ods","t_ncc_unlisted_ap_payitem","SRC_ITEMID","varchar(20)","YES",,""
"ods","t_ncc_unlisted_ap_payitem","SRC_TRADETYPE","varchar(20)","YES",,""
"ods","t_ncc_unlisted_ap_payitem","SUBJCODE","varchar(120)","YES",,""
"ods","t_ncc_unlisted_ap_payitem","SUPPLIER","varchar(20)","YES",,""
"ods","t_ncc_unlisted_ap_payitem","TAX_DE","decimal(28,8)","YES",,""
"ods","t_ncc_unlisted_ap_payitem","TAXCODEID","varchar(20)","YES",,""
"ods","t_ncc_unlisted_ap_payitem","TAXNUM","varchar(30)","YES",,""
"ods","t_ncc_unlisted_ap_payitem","TAXPRICE","decimal(28,8)","YES",,""
"ods","t_ncc_unlisted_ap_payitem","TAXRATE","double","YES",,""
"ods","t_ncc_unlisted_ap_payitem","TAXTYPE","decimal(38,0)","YES",,""
"ods","t_ncc_unlisted_ap_payitem","TOP_BILLID","varchar(20)","YES",,""
"ods","t_ncc_unlisted_ap_payitem","TOP_BILLTYPE","varchar(20)","YES",,""
"ods","t_ncc_unlisted_ap_payitem","TOP_ITEMID","varchar(20)","YES",,""
"ods","t_ncc_unlisted_ap_payitem","TOP_TERMCH","varchar(20)","YES",,""
"ods","t_ncc_unlisted_ap_payitem","TOP_TRADETYPE","varchar(20)","YES",,""
"ods","t_ncc_unlisted_ap_payitem","TRANSERIAL","varchar(200)","YES",,""
"ods","t_ncc_unlisted_ap_payitem","TS","varchar(19)","YES",,""
"ods","t_ncc_unlisted_ap_payitem","VATCODE","varchar(50)","YES",,""
"ods","t_ncc_unlisted_ap_payitem","VENDORVATCODE","varchar(50)","YES",,""
"ods","t_ncc_unlisted_ap_payitem","INSERT_TIME","datetime","YES",,""
"ods","t_ncc_unlisted_gl_voucher","ADDCLASS","varchar(60)","YES",,""
"ods","t_ncc_unlisted_gl_voucher","ADJUSTPERIOD","varchar(3)","YES",,""
"ods","t_ncc_unlisted_gl_voucher","APPROVER","varchar(20)","YES",,""
"ods","t_ncc_unlisted_gl_voucher","ATTACHMENT","decimal(38,0)","YES",,""
"ods","t_ncc_unlisted_gl_voucher","BILLMAKER","varchar(20)","YES",,""
"ods","t_ncc_unlisted_gl_voucher","CHECKEDDATE","varchar(19)","YES",,""
"ods","t_ncc_unlisted_gl_voucher","CONTRASTFLAG","decimal(38,0)","YES",,""
"ods","t_ncc_unlisted_gl_voucher","CONVERTFLAG","char(1)","YES",,""
"ods","t_ncc_unlisted_gl_voucher","CREATIONTIME","varchar(19)","YES",,""
"ods","t_ncc_unlisted_gl_voucher","CREATOR","varchar(20)","YES",,""
"ods","t_ncc_unlisted_gl_voucher","DELETECLASS","varchar(60)","YES",,""
"ods","t_ncc_unlisted_gl_voucher","DETAILMODFLAG","char(1)","YES",,""
"ods","t_ncc_unlisted_gl_voucher","DISCARDFLAG","char(1)","YES",,""
"ods","t_ncc_unlisted_gl_voucher","DR","bigint(20)","YES",,""
"ods","t_ncc_unlisted_gl_voucher","ERRMESSAGE","varchar(60)","YES",,""
"ods","t_ncc_unlisted_gl_voucher","ERRMESSAGEH","varchar(90)","YES",,""
"ods","t_ncc_unlisted_gl_voucher","EXPLANATION","text","YES",,""
"ods","t_ncc_unlisted_gl_voucher","FREE1","varchar(60)","YES",,""
"ods","t_ncc_unlisted_gl_voucher","FREE10","varchar(60)","YES",,""
"ods","t_ncc_unlisted_gl_voucher","FREE2","varchar(60)","YES",,""
"ods","t_ncc_unlisted_gl_voucher","FREE3","varchar(60)","YES",,""
"ods","t_ncc_unlisted_gl_voucher","FREE4","varchar(60)","YES",,""
"ods","t_ncc_unlisted_gl_voucher","FREE5","varchar(60)","YES",,""
"ods","t_ncc_unlisted_gl_voucher","FREE6","varchar(60)","YES",,""
"ods","t_ncc_unlisted_gl_voucher","FREE7","varchar(60)","YES",,""
"ods","t_ncc_unlisted_gl_voucher","FREE8","varchar(60)","YES",,""
"ods","t_ncc_unlisted_gl_voucher","FREE9","varchar(60)","YES",,""
"ods","t_ncc_unlisted_gl_voucher","ISDIFFLAG","char(1)","YES",,""
"ods","t_ncc_unlisted_gl_voucher","MODIFIEDTIME","varchar(19)","YES",,""
"ods","t_ncc_unlisted_gl_voucher","MODIFIER","varchar(20)","YES",,""
"ods","t_ncc_unlisted_gl_voucher","MODIFYCLASS","varchar(60)","YES",,""
"ods","t_ncc_unlisted_gl_voucher","MODIFYFLAG","varchar(20)","YES",,""
"ods","t_ncc_unlisted_gl_voucher","NUM","decimal(38,0)","YES",,""
"ods","t_ncc_unlisted_gl_voucher","OFFERVOUCHER","varchar(20)","YES",,""
"ods","t_ncc_unlisted_gl_voucher","PERIOD","varchar(2)","YES",,""
"ods","t_ncc_unlisted_gl_voucher","PK_ACCOUNTINGBOOK","varchar(20)","YES",,""
"ods","t_ncc_unlisted_gl_voucher","PK_CASHER","varchar(20)","YES",,""
"ods","t_ncc_unlisted_gl_voucher","PK_CHECKED","varchar(20)","YES",,""
"ods","t_ncc_unlisted_gl_voucher","PK_GROUP","varchar(20)","YES",,""
"ods","t_ncc_unlisted_gl_voucher","PK_MANAGER","varchar(20)","YES",,""
"ods","t_ncc_unlisted_gl_voucher","PK_ORG","varchar(20)","YES",,""
"ods","t_ncc_unlisted_gl_voucher","PK_ORG_V","varchar(20)","YES",,""
"ods","t_ncc_unlisted_gl_voucher","PK_PREPARED","varchar(20)","YES",,""
"ods","t_ncc_unlisted_gl_voucher","PK_SETOFBOOK","varchar(20)","YES",,""
"ods","t_ncc_unlisted_gl_voucher","PK_SOURCEPK","varchar(20)","YES",,""
"ods","t_ncc_unlisted_gl_voucher","PK_SYSTEM","varchar(20)","YES",,""
"ods","t_ncc_unlisted_gl_voucher","PK_VOUCHER","varchar(20)","YES",,""
"ods","t_ncc_unlisted_gl_voucher","PK_VOUCHERTYPE","varchar(20)","YES",,""
"ods","t_ncc_unlisted_gl_voucher","PREACCOUNTFLAG","char(1)","YES",,""
"ods","t_ncc_unlisted_gl_voucher","PREPAREDDATE","varchar(19)","YES",,""
"ods","t_ncc_unlisted_gl_voucher","SIGNDATE","varchar(19)","YES",,""
"ods","t_ncc_unlisted_gl_voucher","SIGNFLAG","char(1)","YES",,""
"ods","t_ncc_unlisted_gl_voucher","TALLYDATE","varchar(19)","YES",,""
"ods","t_ncc_unlisted_gl_voucher","TEMPSAVEFLAG","char(1)","YES",,""
"ods","t_ncc_unlisted_gl_voucher","TOTALCREDIT","decimal(28,8)","YES",,""
"ods","t_ncc_unlisted_gl_voucher","TOTALCREDITGLOBAL","decimal(28,8)","YES",,""
"ods","t_ncc_unlisted_gl_voucher","TOTALCREDITGROUP","decimal(28,8)","YES",,""
"ods","t_ncc_unlisted_gl_voucher","TOTALDEBIT","decimal(28,8)","YES",,""
"ods","t_ncc_unlisted_gl_voucher","TOTALDEBITGLOBAL","decimal(28,8)","YES",,""
"ods","t_ncc_unlisted_gl_voucher","TOTALDEBITGROUP","decimal(28,8)","YES",,""
"ods","t_ncc_unlisted_gl_voucher","TS","varchar(19)","YES",,""
"ods","t_ncc_unlisted_gl_voucher","VOUCHERKIND","decimal(38,0)","YES",,""
"ods","t_ncc_unlisted_gl_voucher","YEAR","varchar(4)","YES",,""
"ods","t_ncc_unlisted_gl_voucher","INSERT_TIME","datetime","YES",,""
"ods","t_share_fssc_aging","bill_no","varchar(64)","YES",,""
"ods","t_share_fssc_aging","bill_type","varchar(64)","YES",,""
"ods","t_share_fssc_aging","biz_bill_type","varchar(64)","YES",,""
"ods","t_share_fssc_aging","bill_maker","varchar(64)","YES",,""
"ods","t_share_fssc_aging","work_group","varchar(32)","YES",,""
"ods","t_share_fssc_aging","org_corp","varchar(255)","YES",,""
"ods","t_share_fssc_aging","fssc_org","varchar(255)","YES",,""
"ods","t_share_fssc_aging","sum_date","bigint(20)","YES",,""
"ods","t_share_fssc_aging","handle_duration1","decimal(41,0)","YES",,""
"ods","t_share_fssc_aging","handle_duration2","decimal(41,0)","YES",,""
"ods","t_share_fssc_aging","handle_duration","decimal(42,0)","YES",,""
"ods","t_share_fssc_aging","into_pool_time","datetime","YES",,""
"ods","t_share_fssc_aging","bill_date","datetime","YES",,""
"ods","t_share_fssc_aging","second_approved_time","datetime","YES",,""
"ods","t_share_fssc_aging","bill_id","varchar(64)","YES",,""
"ods","t_share_fssc_aging","principal","longtext","YES",,""
"ods","t_share_fssc_aging","insert_time","datetime","YES",,""
"ods","t_share_fssc_inst","id_","varchar(32)","YES",,""
"ods","t_share_fssc_inst","bill_no","varchar(64)","YES",,""
"ods","t_share_fssc_inst","task_no","varchar(64)","YES",,""
"ods","t_share_fssc_inst","arrival_time","datetime","YES",,""
"ods","t_share_fssc_inst","bill_type","varchar(64)","YES",,""
"ods","t_share_fssc_inst","biz_bill_type","varchar(64)","YES",,""
"ods","t_share_fssc_inst","bill_date","datetime","YES",,""
"ods","t_share_fssc_inst","money","decimal(28,8)","YES",,""
"ods","t_share_fssc_inst","bill_maker","varchar(64)","YES",,""
"ods","t_share_fssc_inst","title","text","YES",,""
"ods","t_share_fssc_inst","memo","text","YES",,""
"ods","t_share_fssc_inst","bill_id","varchar(64)","YES",,""
"ods","t_share_fssc_inst","task_state","varchar(64)","YES",,""
"ods","t_share_fssc_inst","overdue_state","varchar(64)","YES",,""
"ods","t_share_fssc_inst","urgency_state","varchar(64)","YES",,""
"ods","t_share_fssc_inst","share_process","varchar(2)","YES",,""
"ods","t_share_fssc_inst","first_dispatch_time","datetime","YES",,""
"ods","t_share_fssc_inst","first_approved_time","datetime","YES",,""
"ods","t_share_fssc_inst","second_dispatch_time","datetime","YES",,""
"ods","t_share_fssc_inst","second_approved_time","datetime","YES",,""
"ods","t_share_fssc_inst","pick_time","datetime","YES",,""
"ods","t_share_fssc_inst","org_type_","varchar(32)","YES",,""
"ods","t_share_fssc_inst","org_id_","varchar(32)","YES",,""
"ods","t_share_fssc_inst","create_by_","varchar(32)","YES",,""
"ods","t_share_fssc_inst","create_time_","datetime","YES",,""
"ods","t_share_fssc_inst","update_by_","varchar(32)","YES",,""
"ods","t_share_fssc_inst","update_time_","datetime","YES",,""
"ods","t_share_fssc_inst","create_dep_id_","varchar(32)","YES",,""
"ods","t_share_fssc_inst","create_corp_id_","varchar(32)","YES",,""
"ods","t_share_fssc_inst","create_group_id_","varchar(32)","YES",,""
"ods","t_share_fssc_inst","revision_","int(11)","YES",,""
"ods","t_share_fssc_inst","del_flag_","int(11)","YES",,""
"ods","t_share_fssc_inst","sys_flag","int(11)","YES",,""
"ods","t_share_fssc_inst","dispatch_rule_id","varchar(64)","YES",,""
"ods","t_share_fssc_inst","apply_org","varchar(255)","YES",,""
"ods","t_share_fssc_inst","apply_adjust_time","datetime","YES",,""
"ods","t_share_fssc_inst","pending_time","datetime","YES",,""
"ods","t_share_fssc_inst","cancle_pending_time","datetime","YES",,""
"ods","t_share_fssc_inst","pending_duration","bigint(20)","YES",,""
"ods","t_share_fssc_inst","last_overdue_state","varchar(32)","YES",,""
"ods","t_share_fssc_inst","nc_billno","varchar(32)","YES",,""
"ods","t_share_fssc_inst","bpm_id","varchar(32)","YES",,""
"ods","t_share_fssc_inst","pick_upper","varchar(32)","YES",,""
"ods","t_share_fssc_inst","work_group","varchar(32)","YES",,""
"ods","t_share_fssc_inst","image_no","varchar(32)","YES",,""
"ods","t_share_fssc_inst","bpm_no","varchar(32)","YES",,""
"ods","t_share_fssc_inst","approval_aging","int(11)","YES",,""
"ods","t_share_fssc_inst","time_out","bigint(20)","YES",,""
"ods","t_share_fssc_inst","bill_status","char(1)","YES",,""
"ods","t_share_fssc_inst","post_setting","varchar(255)","YES",,""
"ods","t_share_fssc_inst","reject_user_id","varchar(255)","YES",,""
"ods","t_share_fssc_inst","fssc_org","varchar(255)","YES",,""
"ods","t_share_fssc_inst","picker_from_reject","varchar(255)","YES",,""
"ods","t_share_fssc_inst","flow_reject_flag","int(11)","YES",,""
"ods","t_share_fssc_inst","back_type","varchar(255)","YES",,""
"ods","t_share_fssc_inst","currency","text","YES",,""
"ods","t_share_fssc_inst","adjust_man","varchar(255)","YES",,""
"ods","t_share_fssc_inst","adjust_reason","varchar(255)","YES",,""
"ods","t_share_fssc_inst","into_pool_time","datetime","YES",,""
"ods","t_share_fssc_inst","fssc_process_state","int(11)","YES",,""
"ods","t_share_fssc_inst","work_group_p1","varchar(255)","YES",,""
"ods","t_share_fssc_inst","post_setting_p1","varchar(255)","YES",,""
"ods","t_share_fssc_inst","handler_p1","varchar(255)","YES",,""
"ods","t_share_fssc_inst","work_group_p2","varchar(255)","YES",,""
"ods","t_share_fssc_inst","post_setting_p2","varchar(255)","YES",,""
"ods","t_share_fssc_inst","handler_p2","varchar(255)","YES",,""
"ods","t_share_fssc_inst","voucher_status","int(11)","YES",,""
"ods","t_share_fssc_inst","from_sys","varchar(20)","YES",,""
"ods","t_share_fssc_inst","sync_times","int(11)","YES",,""
"ods","t_share_fssc_inst","insert_time","datetime","YES",,""
"ods","t_share_fssc_post_group_setting","id_","varchar(32)","YES",,""
"ods","t_share_fssc_post_group_setting","code","varchar(64)","YES",,""
"ods","t_share_fssc_post_group_setting","name","varchar(128)","YES",,""
"ods","t_share_fssc_post_group_setting","remark","text","YES",,""
"ods","t_share_fssc_post_group_setting","del_flag_","int(11)","YES",,""
"ods","t_share_fssc_post_group_setting","parent_id","varchar(64)","YES",,""
"ods","t_share_fssc_post_group_setting","team_leader","text","YES",,""
"ods","t_share_fssc_post_group_setting","sys_flag_","int(11)","YES",,""
"ods","t_share_fssc_post_group_setting","org_type_","varchar(32)","YES",,""
"ods","t_share_fssc_post_group_setting","org_id_","varchar(32)","YES",,""
"ods","t_share_fssc_post_group_setting","CREATE_BY_","varchar(32)","YES",,""
"ods","t_share_fssc_post_group_setting","CREATE_TIME_","datetime","YES",,""
"ods","t_share_fssc_post_group_setting","UPDATE_BY_","varchar(32)","YES",,""
"ods","t_share_fssc_post_group_setting","UPDATE_TIME_","datetime","YES",,""
"ods","t_share_fssc_post_group_setting","CREATE_DEP_ID_","varchar(32)","YES",,""
"ods","t_share_fssc_post_group_setting","CREATE_CORP_ID_","varchar(32)","YES",,""
"ods","t_share_fssc_post_group_setting","CREATE_GROUP_ID_","varchar(32)","YES",,""
"ods","t_share_fssc_post_group_setting","revision_","int(11)","YES",,""
"ods","t_share_fssc_post_group_setting","sys_flag","varchar(64)","YES",,""
"ods","t_share_fssc_post_group_setting","fssc_org_ref","varchar(64)","YES",,""
"ods","t_share_fssc_post_group_setting","belong_org_type_","varchar(32)","YES",,""
"ods","t_share_fssc_post_group_setting","belong_group_id_","varchar(32)","YES",,""
"ods","t_share_fssc_post_group_setting","belong_corp_id_","varchar(32)","YES",,""
"ods","t_share_fssc_post_group_setting","enabled_","int(11)","YES",,""
"ods","t_share_fssc_post_group_setting","insert_time","datetime","YES",,""
"ods","t_share_fssc_post_man","id_","varchar(32)","YES",,""
"ods","t_share_fssc_post_man","ref_id","varchar(32)","YES",,""
"ods","t_share_fssc_post_man","sys_user","varchar(32)","YES",,""
"ods","t_share_fssc_post_man","sys_flag_","int(11)","YES",,""
"ods","t_share_fssc_post_man","post_setting","varchar(32)","YES",,""
"ods","t_share_fssc_post_man","org_type_","varchar(32)","YES",,""
"ods","t_share_fssc_post_man","org_id_","varchar(32)","YES",,""
"ods","t_share_fssc_post_man","CREATE_BY_","varchar(32)","YES",,""
"ods","t_share_fssc_post_man","CREATE_TIME_","datetime","YES",,""
"ods","t_share_fssc_post_man","UPDATE_BY_","varchar(32)","YES",,""
"ods","t_share_fssc_post_man","UPDATE_TIME_","datetime","YES",,""
"ods","t_share_fssc_post_man","CREATE_DEP_ID_","varchar(32)","YES",,""
"ods","t_share_fssc_post_man","CREATE_CORP_ID_","varchar(32)","YES",,""
"ods","t_share_fssc_post_man","CREATE_GROUP_ID_","varchar(32)","YES",,""
"ods","t_share_fssc_post_man","revision_","int(11)","YES",,""
"ods","t_share_fssc_post_man","del_flag_","int(11)","YES",,""
"ods","t_share_fssc_post_man","sys_flag","int(11)","YES",,""
"ods","t_share_fssc_post_man","insert_time","datetime","YES",,""
"ods","t_share_fssc_sys_doc","id_","varchar(64)","YES",,""
"ods","t_share_fssc_sys_doc","code","varchar(64)","YES",,""
"ods","t_share_fssc_sys_doc","name","varchar(128)","YES",,""
"ods","t_share_fssc_sys_doc","enabled_","int(11)","YES",,""
"ods","t_share_fssc_sys_doc","short_name","varchar(64)","YES",,""
"ods","t_share_fssc_sys_doc","doc_type","varchar(32)","YES",,""
"ods","t_share_fssc_sys_doc","sys_flag","int(11)","YES",,""
"ods","t_share_fssc_sys_doc","ctl_mode","varchar(32)","YES",,""
"ods","t_share_fssc_sys_doc","enabled","char(1)","YES",,""
"ods","t_share_fssc_sys_doc","remark","text","YES",,""
"ods","t_share_fssc_sys_doc","org_type_","varchar(32)","YES",,""
"ods","t_share_fssc_sys_doc","org_id_","varchar(64)","YES",,""
"ods","t_share_fssc_sys_doc","belong_org_type_","varchar(32)","YES",,""
"ods","t_share_fssc_sys_doc","belong_group_id_","varchar(32)","YES",,""
"ods","t_share_fssc_sys_doc","belong_corp_id_","varchar(32)","YES",,""
"ods","t_share_fssc_sys_doc","create_by_","varchar(64)","YES",,""
"ods","t_share_fssc_sys_doc","create_time_","datetime","YES",,""
"ods","t_share_fssc_sys_doc","update_by_","varchar(64)","YES",,""
"ods","t_share_fssc_sys_doc","update_time_","datetime","YES",,""
"ods","t_share_fssc_sys_doc","revision_","int(11)","YES",,""
"ods","t_share_fssc_sys_doc","del_flag_","int(11)","YES",,""
"ods","t_share_fssc_sys_doc","create_dep_id_","varchar(64)","YES",,""
"ods","t_share_fssc_sys_doc","create_corp_id_","varchar(32)","YES",,""
"ods","t_share_fssc_sys_doc","create_group_id_","varchar(32)","YES",,""
"ods","t_share_fssc_sys_doc","insert_time","datetime","YES",,""
"ods","t_share_fssc_task","id_","varchar(32)","YES",,""
"ods","t_share_fssc_task","enabled","int(11)","YES",,""
"ods","t_share_fssc_task","bill_no","varchar(32)","YES",,""
"ods","t_share_fssc_task","task_no","varchar(32)","YES",,""
"ods","t_share_fssc_task","arrival_time","datetime","YES",,""
"ods","t_share_fssc_task","bill_type","varchar(32)","YES",,""
"ods","t_share_fssc_task","biz_bill_type","varchar(64)","YES",,""
"ods","t_share_fssc_task","bill_date","datetime","YES",,""
"ods","t_share_fssc_task","money","decimal(28,8)","YES",,""
"ods","t_share_fssc_task","bill_maker","varchar(32)","YES",,""
"ods","t_share_fssc_task","title","text","YES",,""
"ods","t_share_fssc_task","share_process","varchar(32)","YES",,""
"ods","t_share_fssc_task","task_state","varchar(32)","YES",,""
"ods","t_share_fssc_task","urgency_state","varchar(32)","YES",,""
"ods","t_share_fssc_task","overdue_state","varchar(32)","YES",,""
"ods","t_share_fssc_task","sys_flag","int(11)","YES",,""
"ods","t_share_fssc_task","bill_id","varchar(32)","YES",,""
"ods","t_share_fssc_task","handle_user","varchar(32)","YES",,""
"ods","t_share_fssc_task","post_setting","varchar(32)","YES",,""
"ods","t_share_fssc_task","org_type_","varchar(32)","YES",,""
"ods","t_share_fssc_task","org_id_","varchar(32)","YES",,""
"ods","t_share_fssc_task","create_by_","varchar(32)","YES",,""
"ods","t_share_fssc_task","create_time_","datetime","YES",,""
"ods","t_share_fssc_task","update_by_","varchar(32)","YES",,""
"ods","t_share_fssc_task","update_time_","datetime","YES",,""
"ods","t_share_fssc_task","create_dep_id_","varchar(32)","YES",,""
"ods","t_share_fssc_task","create_corp_id_","varchar(32)","YES",,""
"ods","t_share_fssc_task","create_group_id_","varchar(32)","YES",,""
"ods","t_share_fssc_task","revision_","int(11)","YES",,""
"ods","t_share_fssc_task","del_flag_","int(11)","YES",,""
"ods","t_share_fssc_task","apply_org","varchar(255)","YES",,""
"ods","t_share_fssc_task","approval_aging","int(11)","YES",,""
"ods","t_share_fssc_task","time_out","bigint(20)","YES",,""
"ods","t_share_fssc_task","contarct_billno","varchar(32)","YES",,""
"ods","t_share_fssc_task","nc_billno","varchar(32)","YES",,""
"ods","t_share_fssc_task","bpm_id","varchar(32)","YES",,""
"ods","t_share_fssc_task","committer","varchar(32)","YES",,""
"ods","t_share_fssc_task","pick_upper","varchar(32)","YES",,""
"ods","t_share_fssc_task","work_group","varchar(32)","YES",,""
"ods","t_share_fssc_task","image_no","varchar(32)","YES",,""
"ods","t_share_fssc_task","bpm_no","varchar(32)","YES",,""
"ods","t_share_fssc_task","bill_status","char(1)","YES",,""
"ods","t_share_fssc_task","dispatch_rule_id","varchar(64)","YES",,""
"ods","t_share_fssc_task","pending_duration","bigint(20)","YES",,""
"ods","t_share_fssc_task","pending_time","datetime","YES",,""
"ods","t_share_fssc_task","cancle_pending_time","datetime","YES",,""
"ods","t_share_fssc_task","into_pool_time","datetime","YES",,""
"ods","t_share_fssc_task","handle_time","datetime","YES",,""
"ods","t_share_fssc_task","apply_adjust_time","datetime","YES",,""
"ods","t_share_fssc_task","currency","text","YES",,""
"ods","t_share_fssc_task","fssc_inst_id","varchar(64)","YES",,""
"ods","t_share_fssc_task","dispatch_time","datetime","YES",,""
"ods","t_share_fssc_task","pickup_time","datetime","YES",,""
"ods","t_share_fssc_task","apply_adjust_man","varchar(32)","YES",,""
"ods","t_share_fssc_task","apply_adjust_reason","varchar(255)","YES",,""
"ods","t_share_fssc_task","last_overdue_state","varchar(32)","YES",,""
"ods","t_share_fssc_task","last_time_out","bigint(20)","YES",,""
"ods","t_share_fssc_task","cancel_adjust_time","datetime","YES",,""
"ods","t_share_fssc_task","adjust_duration","bigint(20)","YES",,""
"ods","t_share_fssc_task","fssc_org","varchar(64)","YES",,""
"ods","t_share_fssc_task","handle_duration","bigint(20)","YES",,""
"ods","t_share_fssc_task","back_type","varchar(64)","YES",,""
"ods","t_share_fssc_task","back_reason","varchar(32)","YES",,""
"ods","t_share_fssc_task","back_opinion","text","YES",,""
"ods","t_share_fssc_task","insert_time","datetime","YES",,""
"ods","t_share_fssc_work_order","id_","varchar(32)","YES",,""
"ods","t_share_fssc_work_order","create_by_","varchar(32)","YES",,""
"ods","t_share_fssc_work_order","create_time_","datetime","YES",,""
"ods","t_share_fssc_work_order","update_by_","varchar(32)","YES",,""
"ods","t_share_fssc_work_order","update_time_","datetime","YES",,""
"ods","t_share_fssc_work_order","revision_","int(11)","YES",,""
"ods","t_share_fssc_work_order","del_flag_","int(11)","YES",,""
"ods","t_share_fssc_work_order","attach_number","varchar(32)","YES",,""
"ods","t_share_fssc_work_order","first_level_scenario","varchar(32)","YES",,""
"ods","t_share_fssc_work_order","secondary_scenario","varchar(32)","YES",,""
"ods","t_share_fssc_work_order","level_scenario","varchar(32)","YES",,""
"ods","t_share_fssc_work_order","fssc_status","varchar(32)","YES",,""
"ods","t_share_fssc_work_order","fssc_back_detail","text","YES",,""
"ods","t_share_fssc_work_order","is_fssc","varchar(32)","YES",,""
"ods","t_share_fssc_work_order","group_id_","varchar(32)","YES",,""
"ods","t_share_fssc_work_order","corp_id_","varchar(32)","YES",,""
"ods","t_share_fssc_work_order","dept_id_","varchar(32)","YES",,""
"ods","t_share_fssc_work_order","bill_type_code","varchar(32)","YES",,""
"ods","t_share_fssc_work_order","biz_type_code","varchar(32)","YES",,""
"ods","t_share_fssc_work_order","bpm_def_id","varchar(32)","YES",,""
"ods","t_share_fssc_work_order","bpm_inst_id","varchar(32)","YES",,""
"ods","t_share_fssc_work_order","bpm_urgency_level","int(11)","YES",,""
"ods","t_share_fssc_work_order","bpm_status","varchar(32)","YES",,""
"ods","t_share_fssc_work_order","bill_status","int(11)","YES",,""
"ods","t_share_fssc_work_order","approve_user_id","varchar(32)","YES",,""
"ods","t_share_fssc_work_order","approve_user_name","varchar(32)","YES",,""
"ods","t_share_fssc_work_order","approve_time","datetime","YES",,""
"ods","t_share_fssc_work_order","approve_note","varchar(32)","YES",,""
"ods","t_share_fssc_work_order","approve_action","varchar(32)","YES",,""
"ods","t_share_fssc_work_order","bill_no","varchar(32)","YES",,""
"ods","t_share_fssc_work_order","bill_date","datetime","YES",,""
"ods","t_share_fssc_work_order","from_bill_no","varchar(100)","YES",,""
"ods","t_share_fssc_work_order","from_sys","varchar(100)","YES",,""
"ods","t_share_fssc_work_order","source_sys","varchar(100)","YES",,""
"ods","t_share_fssc_work_order","applicant_dept","varchar(32)","YES",,""
"ods","t_share_fssc_work_order","applicant","varchar(32)","YES",,""
"ods","t_share_fssc_work_order","applicant_org","varchar(32)","YES",,""
"ods","t_share_fssc_work_order","def1","varchar(32)","YES",,""
"ods","t_share_fssc_work_order","def2","varchar(32)","YES",,""
"ods","t_share_fssc_work_order","def3","varchar(32)","YES",,""
"ods","t_share_fssc_work_order","def4","varchar(32)","YES",,""
"ods","t_share_fssc_work_order","def5","varchar(32)","YES",,""
"ods","t_share_fssc_work_order","def6","varchar(32)","YES",,""
"ods","t_share_fssc_work_order","def7","varchar(32)","YES",,""
"ods","t_share_fssc_work_order","def8","varchar(32)","YES",,""
"ods","t_share_fssc_work_order","def9","varchar(32)","YES",,""
"ods","t_share_fssc_work_order","def10","varchar(32)","YES",,""
"ods","t_share_fssc_work_order","def11","varchar(32)","YES",,""
"ods","t_share_fssc_work_order","def12","varchar(32)","YES",,""
"ods","t_share_fssc_work_order","def13","varchar(32)","YES",,""
"ods","t_share_fssc_work_order","def14","varchar(32)","YES",,""
"ods","t_share_fssc_work_order","def15","varchar(125)","YES",,""
"ods","t_share_fssc_work_order","ref_bill_id","text","YES",,""
"ods","t_share_fssc_work_order","ref_bill_no","text","YES",,""
"ods","t_share_fssc_work_order","ref_remark","text","YES",,""
"ods","t_share_fssc_work_order","ref_money","decimal(22,8)","YES",,""
"ods","t_share_fssc_work_order","subject","varchar(100)","YES",,""
"ods","t_share_fssc_work_order","mobile","varchar(32)","YES",,""
"ods","t_share_fssc_work_order","localdebit_amount","decimal(28,8)","YES",,""
"ods","t_share_fssc_work_order","localcredit_amount","decimal(28,8)","YES",,""
"ods","t_share_fssc_work_order","insert_time","datetime","YES",,""
"ods","t_share_org_corp","id_","varchar(32)","YES",,""
"ods","t_share_org_corp","code","varchar(64)","YES",,""
"ods","t_share_org_corp","name","text","YES",,""
"ods","t_share_org_corp","remark","text","YES",,""
"ods","t_share_org_corp","enabled_","int(11)","YES",,""
"ods","t_share_org_corp","parent_id","varchar(32)","YES",,""
"ods","t_share_org_corp","parent_ids","text","YES",,""
"ods","t_share_org_corp","group_id","varchar(32)","YES",,""
"ods","t_share_org_corp","telephone","varchar(32)","YES",,""
"ods","t_share_org_corp","address","text","YES",,""
"ods","t_share_org_corp","zip_code","varchar(32)","YES",,""
"ods","t_share_org_corp","short_name","varchar(128)","YES",,""
"ods","t_share_org_corp","url","varchar(128)","YES",,""
"ods","t_share_org_corp","sys_flag","int(11)","YES",,""
"ods","t_share_org_corp","org_type_","varchar(32)","YES",,""
"ods","t_share_org_corp","org_id_","varchar(32)","YES",,""
"ods","t_share_org_corp","belong_org_type_","varchar(32)","YES",,""
"ods","t_share_org_corp","belong_group_id_","varchar(32)","YES",,""
"ods","t_share_org_corp","belong_corp_id_","varchar(32)","YES",,""
"ods","t_share_org_corp","group_id_","varchar(32)","YES",,""
"ods","t_share_org_corp","create_by_","varchar(32)","YES",,""
"ods","t_share_org_corp","create_time_","datetime","YES",,""
"ods","t_share_org_corp","update_by_","varchar(32)","YES",,""
"ods","t_share_org_corp","update_time_","datetime","YES",,""
"ods","t_share_org_corp","create_dep_id_","varchar(32)","YES",,""
"ods","t_share_org_corp","revision_","int(11)","YES",,""
"ods","t_share_org_corp","del_flag_","int(11)","YES",,""
"ods","t_share_org_corp","enable_finance_org","int(11)","YES",,""
"ods","t_share_org_corp","enable_sales_org","int(11)","YES",,""
"ods","t_share_org_corp","enable_purchase_org","int(11)","YES",,""
"ods","t_share_org_corp","enable_incorporated_org","int(11)","YES",,""
"ods","t_share_org_corp","enable_human_resource_org","int(11)","YES",,""
"ods","t_share_org_corp","enable_inventory_org","int(11)","YES",,""
"ods","t_share_org_corp","enable_ad_org","int(11)","YES",,""
"ods","t_share_org_corp","create_corp_id_","varchar(32)","YES",,""
"ods","t_share_org_corp","create_group_id_","varchar(32)","YES",,""
"ods","t_share_org_corp","level_path_","varchar(255)","YES",,""
"ods","t_share_org_corp","is_merge_","varchar(32)","YES",,""
"ods","t_share_org_corp","enable_budget_org","varchar(255)","YES",,""
"ods","t_share_org_corp","enabled","varchar(255)","YES",,""
"ods","t_share_org_corp","def1","varchar(32)","YES",,""
"ods","t_share_org_corp","def2","varchar(32)","YES",,""
"ods","t_share_org_corp","def3","varchar(32)","YES",,""
"ods","t_share_org_corp","def4","varchar(32)","YES",,""
"ods","t_share_org_corp","def5","varchar(32)","YES",,""
"ods","t_share_org_corp","def6","varchar(32)","YES",,""
"ods","t_share_org_corp","def7","varchar(32)","YES",,""
"ods","t_share_org_corp","def8","varchar(32)","YES",,""
"ods","t_share_org_corp","def9","varchar(32)","YES",,""
"ods","t_share_org_corp","def10","varchar(32)","YES",,""
"ods","t_share_org_corp","def11","varchar(32)","YES",,""
"ods","t_share_org_corp","def12","varchar(32)","YES",,""
"ods","t_share_org_corp","def13","varchar(32)","YES",,""
"ods","t_share_org_corp","def14","varchar(32)","YES",,""
"ods","t_share_org_corp","def15","varchar(32)","YES",,""
"ods","t_share_org_corp","def16","varchar(32)","YES",,""
"ods","t_share_org_corp","def17","varchar(32)","YES",,""
"ods","t_share_org_corp","def18","varchar(32)","YES",,""
"ods","t_share_org_corp","def19","varchar(32)","YES",,""
"ods","t_share_org_corp","def20","varchar(32)","YES",,""
"ods","t_share_org_corp","enable_project_corp","int(11)","YES",,""
"ods","t_share_org_corp","region","int(11)","YES",,""
"ods","t_share_org_corp","enable_assets_org","int(11)","YES",,""
"ods","t_share_org_corp","enable_logistics_org","int(11)","YES",,""
"ods","t_share_org_corp","enable_quality_inspect_org","int(11)","YES",,""
"ods","t_share_org_corp","enable_capital_org","int(11)","YES",,""
"ods","t_share_org_corp","def21","varchar(32)","YES",,""
"ods","t_share_org_corp","insert_time","datetime","YES",,""
"ods","t_share_sys_doc_item","id_","varchar(64)","YES",,""
"ods","t_share_sys_doc_item","sort_num","varchar(32)","YES",,""
"ods","t_share_sys_doc_item","code","text","YES",,""
"ods","t_share_sys_doc_item","name","varchar(128)","YES",,""
"ods","t_share_sys_doc_item","enabled_","int(11)","YES",,""
"ods","t_share_sys_doc_item","short_name","varchar(64)","YES",,""
"ods","t_share_sys_doc_item","doc_id","varchar(64)","YES",,""
"ods","t_share_sys_doc_item","parent_id","varchar(64)","YES",,""
"ods","t_share_sys_doc_item","parent_ids","text","YES",,""
"ods","t_share_sys_doc_item","doc_item_type","varchar(32)","YES",,""
"ods","t_share_sys_doc_item","enabled","char(1)","YES",,""
"ods","t_share_sys_doc_item","remark","text","YES",,""
"ods","t_share_sys_doc_item","org_type_","varchar(32)","YES",,""
"ods","t_share_sys_doc_item","org_id_","varchar(64)","YES",,""
"ods","t_share_sys_doc_item","belong_org_type_","varchar(32)","YES",,""
"ods","t_share_sys_doc_item","belong_group_id_","varchar(32)","YES",,""
"ods","t_share_sys_doc_item","belong_corp_id_","varchar(32)","YES",,""
"ods","t_share_sys_doc_item","create_by_","varchar(64)","YES",,""
"ods","t_share_sys_doc_item","create_time_","datetime","YES",,""
"ods","t_share_sys_doc_item","update_by_","varchar(64)","YES",,""
"ods","t_share_sys_doc_item","update_time_","datetime","YES",,""
"ods","t_share_sys_doc_item","revision_","int(11)","YES",,""
"ods","t_share_sys_doc_item","del_flag_","int(11)","YES",,""
"ods","t_share_sys_doc_item","create_dep_id_","varchar(64)","YES",,""
"ods","t_share_sys_doc_item","create_corp_id_","varchar(32)","YES",,""
"ods","t_share_sys_doc_item","create_group_id_","varchar(32)","YES",,""
"ods","t_share_sys_doc_item","sys_flag","int(11)","YES",,""
"ods","t_share_sys_doc_item","insert_time","datetime","YES",,""
"ods","wide_table","年月","varchar(255)","YES",,""
"ods","wide_table","公司","varchar(255)","YES",,""
"ods","wide_table","货币资金","float","YES",,""
"ods","wide_table","应收账款","float","YES",,""
"ods","wide_table","预付款项","float","YES",,""
"ods","wide_table","合同资产","float","YES",,""
"ods","wide_table","流动资产","float","YES",,""
"ods","wide_table","非流动资产","float","YES",,""
"ods","wide_table","总资产","float","YES",,""
"ods","wide_table","合同负债","float","YES",,""
"ods","wide_table","流动负债","float","YES",,""
"ods","wide_table","非流动负债","float","YES",,""
"ods","wide_table","总负债","float","YES",,""
"ods","wide_table","归属于母公司所有者权益","float","YES",,""
"ods","wide_table","所有者权益","float","YES",,""
"ods","wide_table","交易性金融资金","float","YES",,""
"ods","wide_table","应收款项","float","YES",,""
"ods","wide_table","存货","float","YES",,""
"ods","wide_table","其他流动资产","float","YES",,""
"ods","wide_table","营业收入","float","YES",,""
"ods","wide_table","营业成本","float","YES",,""
"ods","wide_table","销售费用","float","YES",,""
"ods","wide_table","管理费用","float","YES",,""
"ods","wide_table","研发费用","float","YES",,""
"ods","wide_table","财务费用","float","YES",,""
"ods","wide_table","净利润","float","YES",,""
"ods","wide_table","毛利润","float","YES",,""
"ods","wide_table","营业利润","float","YES",,""
"ods","wide_table","毛利率","float","YES",,""
"ods","wide_table","归母所有者权益","float","YES",,""
"ods","wide_table","经营活动产生的现金流量净额","float","YES",,""
"ods","wide_table","投资活动产生的现金流量净额","float","YES",,""
"ods","wide_table","筹资活动产生的现金流量净额","float","YES",,""
"ods","wide_table","其他利润","float","YES",,""
"ods","wide_table","所得税费用","float","YES",,""
"ods","wide_table","归母净利润","float","YES",,""
"ods","wide_table","固定资产","float","YES",,""
"ods","wide_table","无形资产","float","YES",,""
"ods","wide_table","使用权资产","float","YES",,""
"ods","wide_table","其他应收款","float","YES",,""
"ods","wide_table","短期借款","float","YES",,""
"ods","wide_table","一年内到期的长期负债","float","YES",,""
"ods","wide_table","长期借款","float","YES",,""
"ods","wide_table","应付债券","float","YES",,""
"ods","wide_table","利润总额","float","YES",,""
"ods","wide_table","利息支出","float","YES",,""
"ods","wide_table","带息负债比率","float","YES",,""
"ods","wide_table","已获利息倍数","float","YES",,""
"ods","wide_table","速动比率","float","YES",,""
"ods","wide_table","成本费用利润率","float","YES",,""
"ods","wide_table","营业利润率","float","YES",,""
